-- phpMyAdmin SQL Dump
-- version 4.3.11
-- http://www.phpmyadmin.net
--
-- Host: 127.0.0.1
-- Generation Time: 17-Ago-2016 às 23:40
-- Versão do servidor: 5.6.24
-- PHP Version: 5.6.8

SET SQL_MODE = "NO_AUTO_VALUE_ON_ZERO";
SET time_zone = "+00:00";


/*!40101 SET @OLD_CHARACTER_SET_CLIENT=@@CHARACTER_SET_CLIENT */;
/*!40101 SET @OLD_CHARACTER_SET_RESULTS=@@CHARACTER_SET_RESULTS */;
/*!40101 SET @OLD_COLLATION_CONNECTION=@@COLLATION_CONNECTION */;
/*!40101 SET NAMES utf8 */;

--
-- Database: `matutos`
--

-- --------------------------------------------------------

--
-- Estrutura da tabela `cardapio`
--

CREATE TABLE IF NOT EXISTS `cardapio` (
  `codigo_cardapio` int(11) NOT NULL,
  `nome` varchar(100) NOT NULL,
  `descricao` varchar(100) NOT NULL,
  `preco` double(7,2) DEFAULT NULL,
  `imagem` blob,
  `exclusao_logica` int(11) DEFAULT NULL COMMENT '0 - Inativo, 1 - Ativo'
) ENGINE=InnoDB AUTO_INCREMENT=9 DEFAULT CHARSET=latin1;

--
-- Extraindo dados da tabela `cardapio`
--

INSERT INTO `cardapio` (`codigo_cardapio`, `nome`, `descricao`, `preco`, `imagem`, `exclusao_logica`) VALUES
(1, 'JABOATãO', 'JABOATãO', 50.00, NULL, 1),
(2, 'TESTE', 'TESTE', 55.55, NULL, 1),
(3, 'ARTHUR', 'CAIO', 5.55, NULL, 1),
(4, 'TESTE', 'TESTE', 5.55, NULL, 1);
INSERT INTO `cardapio` (`codigo_cardapio`, `nome`, `descricao`, `preco`, `imagem`, `exclusao_logica`) VALUES
(5, 'ALOçO', 'TESTAND', 50.00, 0xffd8ffe000104a46494600010101006000600000ffe181454578696600004d4d002a00000008000a010f00020000000a00000086011000020000000800000090011a00050000000100000098011b000500000001000000a0012800030000000100020000013100020000000b000000a80213000300000001000100008769000400000001000008bf88250004000000010000791fea1c00070000080c000000b3000000004d6963726f736f667400524d2d31313135000000004800000001000000480000000150686f746f5363617065001cea0000000800000000000000000000000000000000000000000000000000000000000000000000000000000000000000000000000000000000000000000000000000000000000000000000000000000000000000000000000000000000000000000000000000000000000000000000000000000000000000000000000000000000000000000000000000000000000000000000000000000000000000000000000000000000000000000000000000000000000000000000000000000000000000000000000000000000000000000000000000000000000000000000000000000000000000000000000000000000000000000000000000000000000000000000000000000000000000000000000000000000000000000000000000000000000000000000000000000000000000000000000000000000000000000000000000000000000000000000000000000000000000000000000000000000000000000000000000000000000000000000000000000000000000000000000000000000000000000000000000000000000000000000000000000000000000000000000000000000000000000000000000000000000000000000000000000000000000000000000000000000000000000000000000000000000000000000000000000000000000000000000000000000000000000000000000000000000000000000000000000000000000000000000000000000000000000000000000000000000000000000000000000000000000000000000000000000000000000000000000000000000000000000000000000000000000000000000000000000000000000000000000000000000000000000000000000000000000000000000000000000000000000000000000000000000000000000000000000000000000000000000000000000000000000000000000000000000000000000000000000000000000000000000000000000000000000000000000000000000000000000000000000000000000000000000000000000000000000000000000000000000000000000000000000000000000000000000000000000000000000000000000000000000000000000000000000000000000000000000000000000000000000000000000000000000000000000000000000000000000000000000000000000000000000000000000000000000000000000000000000000000000000000000000000000000000000000000000000000000000000000000000000000000000000000000000000000000000000000000000000000000000000000000000000000000000000000000000000000000000000000000000000000000000000000000000000000000000000000000000000000000000000000000000000000000000000000000000000000000000000000000000000000000000000000000000000000000000000000000000000000000000000000000000000000000000000000000000000000000000000000000000000000000000000000000000000000000000000000000000000000000000000000000000000000000000000000000000000000000000000000000000000000000000000000000000000000000000000000000000000000000000000000000000000000000000000000000000000000000000000000000000000000000000000000000000000000000000000000000000000000000000000000000000000000000000000000000000000000000000000000000000000000000000000000000000000000000000000000000000000000000000000000000000000000000000000000000000000000000000000000000000000000000000000000000000000000000000000000000000000000000000000000000000000000000000000000000000000000000000000000000000000000000000000000000000000000000000000000000000000000000000000000000000000000000000000000000000000000000000000000000000000000000000000000000000000000000000000000000000000000000000000000000000000000000000000000000000000000000000000000000000000000000000000000000000000000000000000000000000000000000000000000000000000000000000000000000000000000000000000000000000000000000000000000000000000000000000000000000000000000000000000000000000000000000000000000000000000000000000000000000000000000000000000000000000000000000000000000000000000000000000000000000000000000000000000000000000000000000000000000000000000000000000000000000000000000000000000000000000000000000000000000000000000000000000000000000000000000000000000000000000000000000000000000000000000000000000000000000000000000000000000000000000000000000000000000000000000000000000000000000000000000000000000000000000000000000000000000000000000000000000000000000000000000000000000000000000000000000000000000000000000000000000000000000000000000000000000000000000000000000000000000000000000000000000000000000000000000000000000000000000000000000000000000000000000000000000000000000000000000000000000000000000000000000000000000000000000000000000000000000000000000000000000000000000000000000000000000000000000000000000000000000000000000000000000000000000000000000000000000000000000000000000000000000000000017829a000500000001000009d9829d000500000001000009e18827000300000001032000009000000700000004303232309003000200000014000009e99004000200000014000009fd9101000700000004010203009201000a0000000100000a11920200050000000100000a199204000a0000000100000a21920700030000000100010000920800030000000100000000920900030000000100100000927c0007000066e200000a29a00000070000000430313030a00100030000000100010000a002000400000001000005b0a00300040000000100000a20a40200030000000100000000a40300030000000100000000a4040005000000010000710ba40600030000000100000000ea1c00070000080c00007113000000000000ee13000f424000005dc000002710323031363a30373a32382031303a34353a353700323031363a30373a32382031303a34353a353700003d96cc000f424000268b74000f42400000000000000006010200e26600000000000000683b4d5c9ef5f261015ad251745169b0b51c0bb9507ff435ba0d20283eb31e0354d27298de1d217a829250578e3cfad3bc1f7c2ffae1e7481b3797262a923da3550b1c9972c0c057ca13668b5760ddbb7251ff6989996e21552456590d2d1d0a9c0d687a970d01a0db54769c0980b5920836a6641753d165e66c34d39a724420d3182bf5d0512041a326f29dcb7efb339e6911de6b9949663caaac547fa313aa05ec5a36621ec76a099de106fda164929869daba01411c654d1cc988383b4caa060833972c1882d0b9a4dfbf078cbe5bb13b5d3df20979798ce14b27b5c70c87bc88553084950e14c6bd8d99fed6319a2c97a398a96eb7190be9a52c054f1f6b5505dd33e0838e02fb86726e0576defc041272e538942fdf929c8dce347966867a486a8a2908cc9e8b42a5056fbff167b9c307b7d92df84e239620c5e78ae118e4245ef65c506dcd3fa40caa5bbe0cf0fdfe195eed22f9ddc60a2113a945b3a49a9a8510f501e0138961df3d1d2a630e178dde7181dcc615086e49467f80a71803891353e863753cbb8847ef0ee251a2e44638c0e11392a372814141b9a1493b8a117cb11f5f07d5b11fdc2770650b8f7b9963d6d3f73bf380cec5f53e1a38f318c69f70478e5b29a3c264ec50dbe40e5149b63e9126d9a3cf043fae4c04448276d214d6a8180ae98fc49a34f683eebe30133f1a52e10f479d8d1d55cf9dd12e7f1bbc4468feaec7f080089fe988e5f46adfe58b374397f282e2042e683fad4cba45ea41e6daf14f0acbe0256fac8e998cf045d9748150cf47c7ab7bb0fd557aebdacc9ef8041cf5cb7a8797611d8b47a3a1a1272572d659787258541c6b8209f63811f2df0e32db98115cacf54cc09f124b35d929846662151e53cfc9eb518330d70b02ce6360d1d885eb3225faf0c374ec68caee17679ceec9ab3dd4de34b4ebbb4e968be5e9f325664cb64cf13015e638f476fff61a34365fd90d97e4282923a08f6be95011328e04b4f4d9c0c579545189300b1115c4b2076be4ad144b320fce93852603414525d133274c371ca9a7c7fe6a2c4748bd56862efdf4733852fcee1a267b9720d6e255f3a2ac1a0c290d0946b7c6f0416cb8cd28f38aa1f46976683112ffa8e26578c4fafda447199943186cf15703b5ca331b6b75912eb2a09b7d339324e83dea3a2d3ddc02233bc34ed453ed4ab2e3cf2cbe15c6fbfb76dbb8a631968dcf6e7be712592ed3916c579fc71e6fb1b8763997174c4549bc383ef46bb3735f126e6f6248cb8ee77e5aadcdd348f0310f979cedc86375dbfacd0a61097da68ef980439b72a2256be17cc20a5fb363cd9acab6765272c16501839c5d1b7ea7152f2a5947c611a95375fcd6b05c5806d9b4dbd964dd71fec044de0dd9d10cc2c173f604205df3f0a6de65c6822e1648b0f4c412209e27aa9558602fa5e9ce6ef679c091f21bfcbb66c6f77f242ab10043a3a1c170bef88b7e4147ee6da6f6a71c4f3c5de5d1b1f3af916e597d038295e97198fb03b7c24bb0eb74516bec6f02dd926eda8beb6a3429e05f3307e36ee8563b4c1c62d6f27cd97ec116545beaf5e65b5e31370d1546f4bfe261a5668943a9c31b79d35b4550a99c7a926fec16e4c4433a9d2ea4dc2b965ed516d464226c6ca7797fb1089673b2988818cdf95c3bd947593ec532a36f0e2276c6b0c4aa86eef2298546ec2b54f28e8457d83099807f72605bf4a6d363f674b3aac184eb4901ab2f37adc8796d620679c215266b87d52736271ec4e9f4f56bd999d8c9ad804b54506a03ea379bd9d864434e910442340d635967b1394f6e2f8b7305a91ac1371ef100be5a6132182dad7ada6ea67624f600f51ad8dbff8e8f4d0cc52a76e6baa79cfd1fb0c004c5798fbfd829b6402bab64224669d9c01290727b8fbf26b6f96df141fa1c08859036cb63f59462fa9e40243f72f56000dad3503ea5f09520b78b6b69129791579041cf88a62b5b411016672f656690c391dbb4688f61e2c640b365dd221c5a38535d6ffb961ff5832688c1c9c77f0a4b4c13d70bbd58b6c83999a5578b2671e85914ea968ac11365da85995bc5541c6c7c3bcdfe19afb56d7ec3b510e746e204ff3c8498d097bc6a5ae6d443f314764c359bb2aaacc5227eff9a90e2759c9f9c7007f9d9a16ee1d9acf87df9c2225d828aa99d5ab7f9cc97e577e034d5ab5c02393d8a87f01b86dfe082c06dfeb1d4edcfa61a08e70944d074535cb0284158c53a4c73e9ff13f622b1b9c1a880e1c37e5eb4cb63f66288ba7d4b6830927cf0ab5672554686a9e49c038e45ca30e30757b66fbc0736151dc7c69048917303fe3ea1838ab059937ad681bc622fbb1b24d399b8f811027201d278e90984fdfc5779f4ade518bd429e1044cc0f77f4218636f4e083f72d40c94fa83bd069231ec94ce85933ed4b671584531c25b736a119457b6a080a648d2e43f7050fe4455cfd5edcd9f39573d376bed68c4a382e22c808acf2ae0a9b52a7985f5b59c49d53c92ba1db6e4e195edd37c4d59a20923ba6f19f950e3e683c76cecc6cd764e52e613f453edc43841059ae986f3108f8b5cd69a324bf0b8b69580b5e7f916d00c7f5f55fb1fddc4f0ee9bb0e11acb9c1b1e798936139dba4e27f84d11cca789b4abf72a4d2d1771455b32063a05de5403ba16d73be1a0919e1726c6d245ae60c86064c339c018c66503679a8eefeb7cb6509fdfb3b79b03bd3fe10545a2e629e1cfa8fcc83831652b30cbf52a850863a14a35170fe23bc6349d3c2ff3ebc9ecc2b324487f009341d4f0c2f9faff7f9086100888c02efa0084dc14a2a2f7770a55c130da46462b60fcfb1b36d29267acac7158785f4c60bd0083269e4a7fa15d6d9c26e671874d7f648e28776dc577793ab23f0416cb8cd28f38aa1f469766831d1b8a8adf67805e73ad9dfcfed5c8eca9642555a0c3ffdca0e8a13b2d2ca7dda49baa2c23e199ebabe462d27ef7f8e0f2f7a2ac97d66454e23f0b3b93099ab0615c8881ece380db1efda8c05e78f828d357171a32541e3bdd5417c5829b5aa5e4efc252dd4649f8f55f0ec310ee73d0b32421721b2f46ad2485695974ec61e3536e0db81d9eb9f54bd9d117cde38db1a7d28fcec054f11d10d4612e49c03921e1c853fb018454dc396b3f7f536b14d588a43bbc3f80a827866722db8c9890411c21d483ab4c0769deb6fe69f5692c5da3ea9acc4c469246a6b2b1ed64dd4167b423f1abb6eda10e048cff00f755c120fa843a301e170f14518d83174a788fde0aa624f545de5f560f397ef9337e6ce409ae32067ff05b7a64bb01d7351824b751bee661b5103921e2fe85653d60de0c306917fa9fc627bf27c001cc17b79acd821a382ec2bef73ce5b8b429dc7af87c9e16c89c5bb6c4ec02cf03c4c547245beea65503a694144afbacf41e9a84730e1f68f82162fca1ddbb026bfb44e49d859b5c4db7c6f051a76390147b3d9b59c044f7b6893812edf5197d6e93ead252fa699dfd469f43b5437568b455370013d0ab49ca0fc2d66b85cb256d657c43b46a7f12c2fa058e5ec9424021d4171a8e94572a63565fb61fb5b32e4277b43455c4ddc4a91af1ca4f723dec23bf4dd8dcd4b6d9e615ee8ddfb77a42a93561af41966e8a9a5bdcf233ca255a7915017148606e0221cafb381c782fa551ef50177b94e93e8e0d1a27e41da910f62775b181ca02d4e33db87b6a67da5b7ab260278c2264b5b51c3e4c62b512d14dcbab634a0e4b5d1b2e7183739a173afa6e494cb340d4ecb24b5135aef6869bc973d9d64abfc64aea7a44dd5cf4cea3ea619b799b67b93fcf0f00409baa1c94f883c2fbd5ccf3bca75fc9b7f1dfa487aa5ccf38788442faa18f9b0456035b010b7af5e1952666d7e6faf07c05d69d4987d17f5ab97bcc09ae6d443f314764c359bb2aaacc5227eff9a90e2759c9f9c7007f9d9a1f73506dff87df9c2225d828aa99d5ab712303eb977e034d5ab5c02393d8a87f01b86dfe082c06dfeb1d4edcfa61a08e70944d074535cb0284158c53a4c73e9ff13f622b1e48bb5b69b25e55dba0e06a70bf3a1bf4b6826cd6a5479bb6192836f5b4c2b93994f4579e30757b66fbc3341511b1ee74035cb7a5f207efdeff132ee937ad681bc622fbb1b24d399b8f811027201d278e90984fdfc5779f4ade518bd429e1044cc0f77f4218636f4e083f72d40c94fa83bd069231ec94ce85933ed4b671584531c25b736a119457b6a080a648d2e43f7050fe4458c9ab2aed9f3957379b68fecb1a2b3ca22c8dc2dabddffb552a75030a65dbb741719b2cd3665a832fbae0387d59a2092b82a725df28e45bd952a52d88dacb76f2e613f453edc43841059ae986f3108f8b5cd69a324bf0b8b69580b5e7f916d00c7f5f55fb1fddc4f0ee9bb0e11acb9c1b1e798936139dba4e27f84d11cca7e3f127a2a57893f85bc9ecc376992322cbe7beeb96040344d1f087fbc1093bcbad266a320489c010fbc5036f389eefe88e765094cb34900b03bd3fe42a45a2e1bdf1cfa0368838321e5484603b6a850aa5314a3ce1efe23b6b049d341243121d17060b05bfc54673f174bea307db5f918351d79a5b1263c8fe1fadb5d0d2bfca0c2b06160dfcd711ccf928e8e85810216f8ed27def60854eb8bc05d94e0e8c55106928d836c81a07285350b6cb67890f41fddc797c1874464740175408f662a974dd1b884f2f67862ce3ad9f897ed5c2a0a6b6c555a0c3f97af0e8a346ed2ca14c849ba3d73de80b7c5be46c323ef7f282b2f7a5c6a7d66d5e5861ea5e6263dddc3060f8bf03c90c6cef8d0be6a2e71c2c2e1628f8d61470ab0053ccbbe756b4afb2287a79ac9b7a014c838e2cd8e508954ce6d6558bf77470cb3c4f268880db48238914270340b641e0179e2807b4b406194d93a5bd5bd15654d451d799c03ebbd1c851f781845e93896b33e08d78c4d588a437d2cf80af5b066729e69c9890a42af66e129b4c01a98eb6fc55f5692115b3ea9a5782432ec05962f51e909045d34af34836fcba96d09a30f54c8f6d064ebcfc348fd482c03baf9a33e2858f44b1ff3aad6f04a94d80d1b6bc58e20b9336e522a7fd1a42e9e2a255c1b95b3af382924898682787ccf54dcda2cb5eb2aee06156316d2770bde1c7c004a89a9c9198ed01c794a21e9d2810746bf8d4d34b074736cfe1abbbf00475000f5c6f3d77a85ea947be69d4066fdb433fe72115381c5dc74e77588b59f9cf0a73121ec80f7286e2836c4dd32597b2d39571342ae2df562591a04393d4f8aa4558bbd16252fa69911aa63112746e8c1a3d543880dff7c50a9fbbb37adc8797131d657c43bada958054602e41bfadf4c74838cb7eaa8637c0e26fd9d46b80dd16fbbf314b42f2842b9fbb341514a00492385b1ddb64c77a1ce32e9a9477f8a12705a3b44ccde3f80ed1694f7af6de3b7915c9f1f3650e5c6fdfc2c51930904195a0a83602beb30aada7ab3767884d8e30cc772ecc9ac4f4ed0b8b2f2446890b349870e709affaaf1e653baa21dc8ff5a2b0fb47416d54017d27eeac84a5eca2fa63c6e56dd6aec5cc3fad9bead969743261c2094a013cdc6ae7f54dd22139c3853919afb961cc06ec6e9c1c9c727f74b4cb3b80bbdb7b2c8391bed17886bece85926cb89f145b56ed09d625bc5ab7c8d4147b4d324526642976faf07c05d69d4987d17f5ab97bc6a5ae6d443f314764c359bb2aaacc5227eff9a90e2759c9f9c7007f9d9a1f73506dff87df9c2225d828aa99d5ab712303eb977e034d5ab5c02393d8a87f01b86dfe082c06dfeb1d4edcfa61ac02e51ad8b5f0bccdec4ef642717e3a5e9fff36f0bceae745bb2eefe43796e0a7004d38cba7d4b6826cd3c1cdd93d4f845682387577ca6dbca30e30757b6bbaff918151dc7c69048917303fe3ea1eff132ee937ad681bc622fbb1b24d399b8f811027201d278e90984fdfc5779f4ade518bd429e1044cc0f77f4218636f4e083f72d40c94fa83bd069231ec94ce85933ed4b671584531c25b736a1193902db772eb785c3f4ed712fe0ce2a77b2aeb4883c605943e3e97629900a8b0208ac7b680a9b52a750302d798ba2cd6660eee25ed7cda17e37c4d59a20923ba6f19f950e3e683c76cecc6cd764e52e613f453edc43841059ae986f3108f8b5cd69a324bf0b8b69580b5e7f916d00c7f5f55fb1fddc4f0ee9bb0e11acb9c1b1e798936139dba4e27f84d11cca7e3f127a2a57893f85bc9ecc37699232e540e5646d738a6d0919d15e6c6dc9b5bad286064c33cb808c660d6579a8d93db7cb1aa801d44900b03b0b0e105486e8629ee70f8fccd1b6fbb2484603b65bac23498fd8b88138946c914d6782fc3121d17060b05bfc54673f174bea307db5f918351d79a5b1263c8fe1fadb5d0d2bfca0c2b06160dfcd711ccf928e8e85810216f8ed27def60854eb8bc05d94e0e8c55106928d836c81a07285350b877680ed77935e05f041fc91cd289d61408f69766831aad7a8addcc305e74dc7dfcf61eb99956b6c555a0b60fdca7f9613b27a107dda95309da5de80b7c5e30cde159599b32821bf393b141dce27861ea5e6263dddc3060f8bf03c90c6cef8d0be6a2e71c2c2e1628f8d61470ab0053ccbbe756b4afb2287a79ac9b7a014c838e2cd8e508954ce6d6558bf77470cb3c4f268880db48238914270340b9f543530117cf251db1ae246fcec0f9c15650d4612e40a7d921e74453fb0b9424dc3cafbedfbd78c4d581601bbc3df0e827805752db8bf03e863af66e1291e002ba2d6874ebb3aa0efe867da50562432ec05962f51e909045d34af34836fcba96d09a30f54c8f6d064ebcfc348fd482c03baf9a33e2858f44b1ff3aad6f04a94d80d1b6bc58e20b9336e522a7fd1a42e9e2a255c1b95b3af38292489661b561f921ec1ec56537029e0c3703216d2fc627bf2dcbb1cc10de1ace4161b01815d06fa1f0746bf8d93f11929471b9c6d8b931af8bdef77a4f3d77a856823e5efa2db7114bacf41e9a50ccca2dc74e77588b59f9cf0a73121ec80f7286e2836c4dd32597b2d39571342ae2df562591a04393d4f8aa4558bbd16252fa69911aa63112746e8c1a3d543880dff7c50a9fbbb37adc8797131d657c43bc0d26973ecc2d521c737c790efbe4959a863809cc6a6e3eb3329e1b9618cc697fb133d46041041514a0015992d5e2890841b31e7585cc7ac361a12705a3bf233aba8194966ccdac2a2479d8cef001f3650e5c6fdfc2c51930904195a0a83602beb30aada7ab3767884d8e30cc772ecc9ac4f4ed0b8b2f2446890b349870e709affaaf1e653baa21dc8ff5a2b0fb47416d54017d27eeac84a5eca2fa6dccbfc61e85bc2cac542a944986bfcbd1c20688f61b41e86a7a48fd2cf5a41126a6f7732d7046ec6e9c1416adc0a672581d794d388b6c2ea801117886beca7e514ea968ac11365da3d7f4427788f8d4147b4d324526642976faf07c05d69d4987d17f5ab97bc6a5ae6d443f314764c359bb2aaacc5227eff9a90e2759c9f9c7007f9d9a1f73506dff87df9c2225d828aa99d5ab712303eb977e034d5a40093858b75f2678222afb8afada25ab1d4fa905b34bf2256f2e13a7ad0f91847be4e054c73e9fff36f0cd2e48bb5b69b25e55dba0e06a76288ba7d4b6830927cf0ab5672554686a9e49c038e45ca30e30757b6bbaff918151dc7c69048917303fe3ea1eff132ee937ad681bc622fbb1b24d399b8f811027201d278e90984fdfc5779f4ade518bd429e1044cc0f77f4218636f4e083f72d40c94fa87bd3af7051757ec9464869ed6c1f244e1c25ad384024cac84735e858a2c783251228531f8c9ab2aeb488a40579b68fecb1a2b3ca22c8dc2df2ae0a9b52a7985f5b59c49d53c92ba1db6e4e195edd37c4d59a20923ba6f19f950e3e683c76cecc6cd764e52e613f453edc43841059ae986f3108f8b5cd69a324bf0b8b69580b5e7f916d00c7f5f55fb1fddc4f0ee9bb0e11acb9c1b1e798936139dba46916f14f0a953ed364bf8cfa8ad10fdf9ecc2063a05d9a763ba1c42ebe1a6b6ee17276d293bcbad286068af49c010fbc5036f389eefe88e7d15601d44900bdb8fe20ebc63dd1a455b64d81bd1a72fbb2484603b65bac23498fd8b88138946c914d6782fc3121d17060b05bfc54673f174bea307db5f918351d79a5b1263c8fe1fadb5d0d2bfca0c2b06160dfcd711ccf928e8e85810216f8ed27def6f4c6d9d70832e2c0a7facfa9d9c2ba5c81a0d7f648e277f4dc57df7cab23382d6cb8a79d0175408f697606f1d1b884f2f67862ce3ad9f897c7419995ac2955cc04ae74db426e58e6bdfaadcca5fabbabe6e0a50f669ebb257cb7d72d82bd257644df33509ca0499d98d335cb5c470ce44d7397cf27ddb473aa032fcc23729cae23d9574b94b23013828cf2acb5a84db883bf7e8ed2b6ec68248ce9f89b42176baff46ae9ba561e854ed4f0ecb4e3742bcf932f6943f9aa366138c3bc4800fc355b1e2e4a2f28276c4ddf37aa89b807440a3a2140be008cf523eed053d798f7ae8a8f5b650b070c44d8418eea2c864845b4dadf96169c92319bf2e900ff5b6ab7ddb898acad4d47fbf0a028b30cb46569f3da2de07a2d8c14758d6d0f44437a9d75d3f1ea3ff32a74fd30fd32aa53a45465f4e373f3dac55792b9359fa0bd2013f918cec2f38ce76067c391f322e3fff18741c5e240c0c1d37a3112cc45f47f1117ab1df27d0c814aa997fee42c1c29e0219f15733929f55f2fa55a4f73321975ee8f866851282ba3cbc9d60f456ba7469bc33ddc3f13edf0dc58815c8424d5543c9430b8b2a6bbacef8402456f00dbab2f78f6aee9074f6734cb0f043b7486d0691cf62ad6c8fb550f4e300bc3d2e2692e836798db217698577486414f43c66fe32476a749643a884975c853103c1e9407665655864befdeb143fa1046b27e589d804005046fdc092ce1fb96b076d1a5015ab6da0438fc73c4d468e8a14254ff0b47beb106417621681e05b6cddc49d3c0e561f68e086d6ccdc5e7c2994caed9fc1fdf1b3283e8ef88705e57d33ec093cc4534ead8ea5637e23ebfa352ab0edb318dc3d9a566d7e2645d006c035598b34c17f11dd91c83089f63033e06c48d3d18f4e904a6b5a1d6fa73e88241c0184236651839c3e4a874c08ffeb4f9a7a748dd94e45a1353c3f9fb1b4eca1a26dec1da0cdc5f4b4b6ed7008f652075ae842f0fc86371d7565fba8927cb7ddea926955bb36b0f449384cde8de4cb6dd8d12789b4790afdc439d4e00d0c9161051bbb27e8e71528c07370ef303397d8aa49fffcdbcd3520cdbb5b690aa73dca3bf8522d802ca033c7edff9dfb16fccc9e5035fd539a4fc6d453ab4bef782a667c4e203d9ee98e93ef89500686649ff015485c4689d47819c174bbb5c3bf3470b25078b138ef790e52bba3ccd041cf30ce1eee326dbfb545293664d45845b57c57c2b15aaa82ac6170a22bc0fbaa076128df59c9b9e4a20de04838ab059248ce91ab7ec21479b9367c63e4d637bb37bffa6129be30217fad3432908814ccc7eeb0e24eb840860e8d924c268fe9ac2cdca44b7e8ab41a1bb4837a2d0e87f579809f703c77c6f403cf29be97e8a36a242f4ed2804e00623e80f19dfd55c6179b6470ab11ee31aa09e188335eaf609b2fcd117a641afe5febbd6fdd2e7d7cdfbaebe6f3e13ff0fb6c7bf9a9623d594952a19d1634d6ddda5ea5facb3db5420ed3983f587d8227ca269431907b9cc97a40e75d4a33e0cc3f229f7a7a8e4627770c6274ce08f0d1e46d55d87e618859f79749ee128e40259542aa4f79da2bb7f4b4613b3acb93ce6106bbcc1fd04080f38acc22c588dd4956a266aa19e66ed3a1a0bf8bca79b3997db774a26d4216d9c14fdaddc066164b87f4b4a07dcdf2f0181c42f90ef94c259c74571d58a46a9283cc80896480632e27e026a4ad930c8dba084c3be20ec11059e67767ed5d64e79ed117f777aa78224581544a91a394807e5f61c3fd1dd3b07c84afc555d33647fd71450c6ca71ecf2377b7439727b12db18c2c619c201383cba5e662b44ae183b55b4ad6ab373a7fd237f65ea5d1b0b9881e9401508b8882003287c147d452c6fc743af8c8d113730314dcc56e58f0a41e28092bdffd4373ab115c6dc8602e1de67b05a7d49da386efcbb2a0858dcdd425f42ca4b1f6a6df4d04e6d362cbdb84870c07a9cde1ca666947223527a1188c066a34636059f82910f59b7b8db40eb51dde33e175c12e97677c1bb4f7cc5d78d6c30c303c3da92c91cc97a474fb2b04e28ea558a3919a9b36709178fac8cf7e4c4601b8219cf5fb04ced4e87b8a79ceaeb0c336e0ac9064323a013d09ba6f07ba565ff6a3c6f7de110709a04e95170264e295f7526c5d8635a65f1ef2c2d33547d8de4713414bea6ded09dd8499ca72cbb3195c5b131ed55f39ad6634addd89e1b6bc5c681e6794bcc9b392fd6ad7338b563727bb5a3fd8d5fd54f1b5115481e65c1f356670de0c3d3fd7f0bfb6d5f2f7c001cd3f9c9fc69779d0719e6a5ed1535a2a58df4beb9ee1bb640629a488f898c30817a136f2ffecf5281ed3e41bced418b6b6e8c53f58dae5b9bf62899b6a924fb740fca39fd4f86c3b824262bd79fd30f8383ea8288dfad950223fb89f689ab3c3801209fa0c8f6b3809464f4dcd39384574520ea7cd8c06dbb0316fe4747ef8c06307ce1c0e2f0270603f13cd3df4c98f8be5df88d3395643bd555297539d199d6f88bcb7a41ec6d04de3ab804f16eb83d3f2eaa841ba9e158dee221dec77b83d53bf22cc960e3f429b532a7eca79d8c9917e223a8fef804bfeb229309ac95bcc30e1c956dd9e15a53cc30fa87d61ec1e848d8180ff976ee76d70df4749c5d58dd26f124d942ef8fa4b7b5fffa84c6b44ffb9723236e5305f4e718e83e2c73bd31cb3a80ad5b417ffe422328a66bc3f7b27f6865d7b4c62ee7a4ddc5635a3859576ffbe275f5832dbfc1c9eb8c0a4b7b24d70bebb9b6c8103aa557534b71e8cc3568893c0c7d6e4e4a995b7e6a816ccf27cdfe81cab56ddea5b5108b42e20492c06598e9b3afc011e9eb7ec7025220df6680f3d728b09ebd7bff1f3a87a0d80886b6344853e1a34be49412a11e9a015c16793dba5ccc97b9851fd52fa400fdbc8b75ded48222c8ebafad85349bc9fade5b34c0af56f28b4b7ad0def547be27083f2fd683f36f0b2fe48b5b069b254386ba0e70da0bf33156ee8626ba6a54dd96619245e95b4c574c994ff8d52af9179b6fbc0749511b2e41403526605f20de38838ab0d88ea9e92c21aa21349b93673744d7638e7f82ff68129be38d179cd3ed94948140cc7eebd053eb845fb1f5ada2d07231cbcf3b4b9982d3666aa27507d81248494bb21f8064b3c7ad30cd2439a2e7352ecee1c7f44cc528e01ef9fd5e0227883c2457b6e39784a290d245c8080c70ddf6ad0afc5017ec5d8b26351960124765d7cda2ae4a983e5a844ab82a87aaf28ed5c6952a3c3b8dac6be4d11d893f6714dadf0728836087cd2260a29294ffec76544032732223117d6bb725d886438e9a3ccd2796e6a4e29ec37b8cc0967272cbb22b691621040a95681464bf39d18ad1776855b320c4a05de5133ba16d81be1a093fe1726c24b05ae64b4c064cdde6018c10993679648ffeb7fedc09fdf83a79b0e079fe105a052e6214fffa8f42c1831618030cbf1e11508656caa351d61f23bccbacd3c2a71ebc9e194a32447a0e093453d50c2fc9a6f7f9106100885102efa08b4dc14af62f7770005c130d446462b63fcfb1b3a329267abac7158732f4c60b24083269c0a7fa15ebd9c26e081874d74848e2878fdc577790ab23f0ee6cb8cdf5f38aa1db69766879d1b8a8f0f67805353ad9df0ded5c8e8e964255d50c3ffd260e8a134ed2ca7dab49baa2333e199e00be462d2fef7f8ebf2f7a2a0a7d66451e23f0b3233099ab06cec8888373380d8004da8c57fe8f82548d717124f441e39a3d417c7083b5aa9d39fc2505f6649fe1a3f0ecb4f0e73d4cf74217306cf46a831c56953e63c61efb01e0db76baeb9fc99e9d11f0eb38db91a428fc275a4f1174f44612956f03926948853f1fc6454d8826b3f768bbb14dee8a43bb54f80a829c66722d73c98904cec21d48beb4c0766eeb6fe6505692c5fc3ea9accdc469246b6b2b1e044dd41656423f1a546eda102d48cff047755c1205a843a3a9e170f17218d831e9a788fdefaa624feb5de5f5bef397ef2b37e6cef49ae320feff05b7114bb01dd7bf824b4a2bee66bfc2039260d1e856fc7b0de09c45917f27bf627be4c4001c8b7fc9acd6921c011975e9ed924629bf2c77341998e26c9c03f8bf1ad4c4002b2bd97216229094f8935440ecc4d533c159a85330ceae0dea32a56b640f9758f7fa4637f9e4f7d9dbfc2678e52cdec5f273d9d5c4a9a4eecac13d890f5babc8c4a15da730153d7fa1d315c159a5dbad3487f474d218747ad48c80b7df6975ba06172849c0d0f116ec5fb924c756e450ef5b9dd8f198809cc6b79d4633abd16f61e214b4fb0e42b9a1373cb84a1849232dfbddb68421a1ce58bba947d7b01d2ca5dc44ccf29880ed719333af4a635d91f840c81898b9504ba74caf1f67d332bce8539a77d4712b4353851b3277ca25eafae7730cbf52f1ab33fafaaa7e3febedf18eb85dfcd8be4e98625e17fa528ad54f4b18052b2c82d497e2f037e97ed978dcc64da6e86d6310c55e696598a43d91a89dad8f61db18aea7ce8922cf5a15536a26fb964e3a8326e9a3c9c7dca64b4c81650bbd88efc8398435578b6424e8595fb789f165e46ed039505bc562416c7c3bd5fe19767a6d7ed84a10e7593704ff91aa98d03eddc09abb737e1bbc192007b109f3df39749ea452441f71d38dfaa04cc445aa6e05faac85958c0286ad3b06df66d537f94bcce585826daea4f614458b28003882652291af09d1029b0ea3905b27582e561f235f7a849bc4478dc9173fe0e698f38c98cee4a9a5b29b0fee79ba3870040b9e3114eea526cd6a7bdd93617b45685b78577c9923f85f2a5d17f96ffe073651ec2ecb400626955f08de048332b0598e3de91a21c421479b4367c6444e637b7f4dffa6121be3023a71d343a3b2814cafd4eb0e70f5840884e4ad8f0900319a90334b1c7b5a66be511b076a46b249256c8980b5035aad3840b13902470a2eb7a287f4ed12d5e0ce5c3f5edcb47e3c607980e3e9b1022e0a226edfacab4de709b2237930a62cdfa21799aaee36aaeacdfbe02b2d3eb51c55b8a6f19f950e3e683c76cecc6cd764e52e613f453edc43841059ae986f3108f8b5cd69a324bf0b8b69580b5e7f916d00c7f5f55fb1fddc4f0ee9bb0e11acb9c1b1e798936139dba4e27f84d11cca7e3f127a2a57893f85bc9ecc376992322cbe7beeb96040344d1f087fbc1093bcbad266a320481eb691b56fade460e002377cd15601d44900bdb8fe20ebc63dd1a455b64d81bd1a72fbb2484603b65bac23498fd8b88138946c914d6782fc3121d17060b05bfc54673f174bea307db5f918351d79a5b1263c8fe1fadb5d0d2bfca0c2b06160dfcd711ccf928e8e85810216f8ed27def60854eb8bc05d94e0e8c55106928d836c81a07285350b6cb67890f41fddc797c1874464740175408f662a974d6747f1656fdc129617cadfcfed5cd7ca9648555a0c30fdca0e9a13b2d2be7dda49f6a2c23e269ebabe8e2d27efd08e0f2f782ac97dd2454e2372b3b930ebab061527881ecea30db1eff18c05e772828d358071a3252ae3bdd5c37c582926aa5e4eff252dd4cb9f8f55a4ec310eca3d0b32c81721b2e16ad2484e95974e0db48238914270340b641e0179e2807b4b406194d93a5bd5bd15654d451d79d3bfd99c03fe9bde134f49258951edfbd78c3121a77e9f10d7e335627155293319eee863af66e1291e6c769deb73e69f56edc5da3e27acc4c460db6a6b051ed64dfc167b42031abb6e8710e048def00f7571120fa8bba301e10ef14518883174a760fde0aa624f545d6ef560f38aef933759ce409ad82067ff5bb7a64b1d1d7351b44b751b8c661b5182921e2f455653d651e0c306487fa9fc637bf27cc91cc1a9aeace4d0ef018121aeed153557bf8d4d4a192973759c6dbb831af850ad2b7a13bc16feea67f83c9d3becdcb4eec15e11b5308daebbeaf6a539b20e9729f8ea461a1259f7192e2426ceb89fde2c1760d9afd404a4c584f63de21e89ab3222015df925dd3d0b6b6915f2170adb5ec97ef447004174ea205280abf55e75b671302874d3d2f1052dc2b9a09037e4f09abe9d5cc91080b6cca69d3b2429d1b6d68c1499c01342ee18633cb84a00498b2d5eddb2841ba1c4585ca9bed7611db7a5474499f260806171bdf73c4abbb70ef85fe221982c99dfa70778db67e81fa1e8ae1387d4574a0053cc2ba777ea99cefa55e2c6bfbd27bd33db57167ecfa54bf1cb63f4fc44038c98c5b53afa90938c4ffba06c2b6e539897e71837e92c7385dccb3a8be85b414b0c4223733e6bc3ef237f68cfe6b4c60836a4dd69025a38bfbd6ffb7848f58346a0c1c9d7980a4badf5d70b0f3ab6c80ea9a5574b1671e8ef69688932927d6e4ac3995b9ab3816cb3fecdfed3fdb56d16f8b510771fe204b910659858c1afc0039eeb7e4abc522098b180f30c39b09e6452ff1f71d3a0d8a04cb634a1f73506dff87df9c2225d828aa99d5ab712303e63851fd51fa400fd458b75de938222c8916bad85089bc9facea134c07953f28bc36bff2edaf203272d8828d6258a950bbd5f8b5b85272543f726aa7074e44731129c88264c5954dd11db924557694c576ef74ff8364ff9176e6fbc07f1511b2e40ff3526b7f520dea4838ab0258ea9e91321aa21f09b93676844d763117f82ff62129be36e3a9cd3bda39481a1b07eeb4f53eb84c995f5addce77231b3903b4bed7bd3663c517507c4464849276c1f80fd03c7adc54024393647352ee2a2c7f4a51228e001f9fd5e5ab4883c3d57b6e3c6b1a2905b22c8086eabddf664b2fc50a5a65d8b82171960613665d746fbae4a8a3e5a84923ba6f19f950e3e6e172a5a688bbaf2c4599c8dac7384d5610f5aac669a8a8a79c771a04fc7fc4d754dbb2279117d6b3625d886cc8e9a3cb72796e61fe29ec3e18cc0967372cbb2d4691621340a95688264bf39f48ad177de55b32057a05de59a3ba16d92be1a0983e1726c73245ae61886064cca9c018c1950367954eefeb7836509fdff3b79b079d3fe104a192e336e5d7defbbcbc87d277c881f30d5f8eeb80efd38d89c0536c00a213bff1ebcafcc2b284487f0b3341d1e0c2f9faf32f908615e888c55efa0084d524a2a2fcb70a551130da46463b60fcfe3b36d0a267aca13158785fdc60bd0763269e4a7fa15d6d9c26e671874d7f648e28776dc577793ab23f0416cb8cd28048aa1f469766831d1b8a8adf67805e73ad9dfcf7f5c8eca2938559085cd9f1dd2462eb8c9e00aeaa1fabbf03d3275f3dca2ffb1f92e6f077eefb7b6778ba3494ae90feaaa14e2ac74e735f4ce380deaa0dac9eee80b131efcd1e32c41442b9725842041f483edabdbc0456a205b0e704930ec310ee05a0bf97635495776102d752a79287d4c8d75b177f52bd9eb7f15bd6c2fb784f1a47fc2f3f5b61107d709d38408e49c03c1e21ce7c4f1087eeac73953a7f28f360ce3f3249463bb0a82a50b724804c798fbc489db79ede9ed769d3a4de6043904857282d33fcfa732ec05969461d6d8d2e33d7aaf05291ba740ab48cf23ca75b4ad9feedec37a11323f01f6d831054588acddd6a7c59d42b5ac091b6bc58e562dceb66531b384fa148a383b5a2eadc06d553987aa57fca90078024c5d5931d5d158d3156316d2c0287b84c8e322f01f8d84cb311069e21f54e553d9f04f8e109fb13a8d42d89259bf958861bd092e261afa93e430173ba2db7114c7bcc17dd5d464fede069716c0a659de87a73121ec8fc8595337202b5d30a4fa61d77400c6702df56259e64e3d848e7d6644a33a567608ab3e8cb063112746c36dad8ea19fe10362ee7c9ce42b40dec892126f1d578abbdba2d5604cebd2cc37a558ea593933f0d5722ad932b0463329f5ff61f942e89486b71996477f95119880232d5ed3288465cb91b2eaed9402f2fcbf94495c3a44717672d3d8fd0ae85f089104da2e5ff7a3e6c8bbaf62741539f2a42c6d91d890e88990005c7c35773fbb4c92ea06f4adf9769a2deea6e7077d7160ddb811ff5303366df025b5fc32c8c607ee5006a54346374c318b88ad208db296a09fee7bc9422f1053494e134ae53e21af60e2770681685d6c2ff81736f90bd9503f08c097f51fce2adde3318a21396ffe916dd261a98b6cc70677c059eba1d10f857cf11b2f9666de52140d02355d7d9cb891d7c7c6493dca4e81cdb7c6cff9c38e98e07c9ebf754f516cdb0602c05fb5746d4f169322bf8c5d7754332a387c4c5ef228a0e9101926d0e152769074de23e30727eb9c68e32a0dae05b0b04245daaf30147e2ac2c72088f7b4775574a228bd357f69fe6d8dfad678bf20be0c1ad4e323a9dd70ad871ea345b0efc6b0c6c236d37b0145b7c958dc48296a0e516f8c54d50a137d5db12f94533c192bf952c7db4f5e7dca6d50469226ce8bf6e0b7cf28e9a72858ef201060d544fdbe4dd986c856751ff1599d8a9b6c729bcac404228e102e1c78fce4d01dde828e95b7d190baf354ec8a4b118ea1f9f6a18bf8bb6bd8557f6bb77c7e164705eda0e9b1b1270ffd92a26da47c64bd4d5cb59f1af1cf317aac2d8edf20067c80e9f9f78f6bb6dd96947c4bda40504bcdde87d7ffd6c2856dab04b3598b53222ff6a58dca7b33e95a447763412dd3ba3f3b98eaad666a821837367dc78843b3ce7956e84c86eca6b2ac2bdb9276ba29a7e62549ddb90c9a163c19df1cfadc2b077dc05c1a5672cb648169c2b5ff63671d31e3d88bf5cd2b0d8ad9837d25c1d47f3b708da12d2fdd94198debc34886e76d2a2ff14ce3f526dbf7e01c9b1ad6abb7e86ee7ed104b230a40de1defac462e45f5155d1f4212e19e4dc810a6303bfba181ce48621f24ae80f002d3c2ff4c879e53aee02d11e6c575bd53632f56aff7c228612485f2a6f84d4c255a20655339c9eefe93466351643abb1edff96eb6077acac758d085008bcacb57f76e46077d41a754ca97f2a82271dbb5447bea055d7d9f89b98d416cb8cdc54d8acd45a30152d2875efcb334b11a198edb6a6bed5c8e73664265d0c9db185f891fb361ed1453e61ca0e6ab442613babe46d3bfefae6b93f6d7770e391e20517932f84361c0acbd1063ad82c5e062d95456120f16cb6ccc3ddf582dc331844c94b27cba69b52beceb5ecc385e6d2038dbec7ebdf357d7392e5ddd09b72d86b048e5ef9769faec2ba633e831b23a8892b0f8b805aaf13fa1e0e3684d3a4f10aa0d07887ed0eac4378a13dbfc62f3e36c938ec44152f99f8d38f3bb1fb20a17f2f15a6c8e0555fbd1fac5c3f1c58a4a1e581aec34c621c5b185a93d882f42fafcca656615701e09c208af0eb4c3da03c083d620055e2ed39908706ffcb42dcb5ea03231912f1df55a31732180090a263d477b0d3486be20fd024e21679090f16a5ee4727b94a3c930a2dd1c248903921e50e156f75b2fcad3099ab3510a7b07321e424df4c8f3de460480018121d1971545e98cf0f197668ce46049c2ca4e0a99164a3c946f5453feea9467959d05172c40bfdbd5a1e41da68b067a05a81708dba8e756564637f99119d94709d9b716fd633770d23d5b52ceb8bccaf63d21e789c169eaad567678d45fa11ad555d3f0f3dbad34d513745590c52e5ffce81fe77626991deccac4c0d2f1bcd2c2d46fdc64dcc71d4ac26a6ff9377b7a08f960920bd942378c3e7f5cd856c28f484b74fee6f98f70e4e529eb2fd5a1f270a9dbe654a4a6b6037ada6e8980ed7140f4af51f5da1a9d4f900cce5488360c2b787b670c14132e60e709ee96875f749c88dbb2dd7c477ed935c6801e41c4eb4efe4091e1e7ed4e24c7aaa32ed9378d9c7d80d1c493b44f3afaf5e43d549bfaed7ff9a7f27316ff4803a6cdd60cac158bad75b71b59e582886170e6e2b7ae2a5649f7a1bc57f434192df2de448326e9252fc7d1c063fe886c05f2437ef4718ea6e16864a62b3154cc253c5f366d75db6046f860816c7c3b11f2193bfd4904ef33ebdfc57852143d5bedd03eafc09f0bebee78b602a4b194322e7320c31ca452241b716f7a696ec1a72084b0b494606e6b120215f301eeb687ad58356faed6b14fe27add93cb45a626deb6311d742c67fdb91b40557c3e786a63e156158bcbf7d3de97527b27d9412fd6516b6e227a76b7a8e9be254bd3176751910fe5e7147e5433b3f53babab5292354a044a057a5151960c25643e6267dbffcf8483175214da26cead0b4371d828a5232cd8e92821aa47809bd165ab863ca94e17491d172f77ecbdafae1903a79bac5f9a2b419fd0db830584cfad8fd05d84a535b9fe2338e9334ff34637c6184837f2dae6990b863d2f5b9ba34902e7352eb7a2c7434d05efe4958c23b2bbd9d195390fe8e3e6d736695809695847dd82cacef4fc7930a65d8ba264b525a73665d7cdfbae4a2d3e5a8455b82a877bf28ed594952a3c338dac6bb9b19a89345e05d5b3bc0581c3265d22a9a292be641aa2fbc1f88373983ab0ff728ca0f703e3c81bbe6f1e57092ee8f2d45256969f72cbb2df697fffd197ca0a3f937a43571b3f8a7c31b36e1fdf57d84366e0642df616d969ad72846d245ae60c526fd4079c018c66503679a8eefeb7cb6509fdfb3b79b03bd3fe10545a2e629e54488facf1032807199d1f62af5d860014a3885f4b1c19e1fcec81c56b4d3cff1b9e9b878e00330bf439602e9fae8d4853e288a902efa0084ddb7c0d55fcdcc2ef61bddf5971b1792cb12383cd1a4092778c4b55f1f8142fd53223e4a7fa15d642fbc0521874d7f648e28776dc577793ab23f0416cb8cd28f38aa1f4697668316126a8238e52b181fddbdbaf965cd7ca969d1f2c52ab3b25a7875cc798932c0c84b6a246d927d6320f0be151de8c50992fb32ac97d664527fd1e2ee6523d5cc36f0f19f033502ab1a1f8582593f8089f5cd1b1d65665e365d5417c58293a791298fc252dd4649f8f55f0ec310ee73d0b32421721b2f46ad2485695974e475d35dd30289b8d2360051dff7dd44b8ac44df0f3abba000bad3452abdf02b2eaddcf485b7f91a4b9c6e7d089efdcd64dc98d9800f36444a41e5bf7f636f6e33e019ceb92e8847b9900ddf06cdefeb254c1ae663383822f420d6a3a55fcb6670e167b1c201abbfb4810c482cf6c1548240c8140c53536bf0e77052e4f318b371a3fe0caadd16c9c1fb8c18e24c3b3ea42fccc322c0d1ba54551d44be92ac0bade89872e350733f3aa507110c6caad645fe9c31d917e3aa60ad697b4a30b7c26bf4b9040f078f9e5ea87cb587ccab292601f4abfa09ce0bb8d6976cf0003ec13a7167a186cea3c50d9b761b41b5e5e2f536eabae2034359e6b5b9cf24a31f8a5ee7b5973bdcd5c9645e3fb65c84dd42773452c1037942926c72de79ea197cbf80011dd058b7f1615d971b9a0ad2121f47fd29a387aa6b959aadf60cb0c174fa2492e49456990ea10583a3790fe8d87f90230a229efdf779d7c014f88c7dc392a7c8a96516b3c41017fa6e2e0384ec6a264861b785258ffaee8f0f4069effff441ef0156b7149ace1bc4af65d555d5f19c7a272994c0f1a011ffd4b94afe8ef13f1ed5a78b52c8e22f164a60e25558fc503602b844b45a5084516cfb25023956329e0dc2b4e5ce5ea71fac5f58a29fb5ba35ccc49596253842176b497a10d1ec0a6477b53c7c5c12bd8642fefb5960fe75e8699a52e3e8ae2ac3aa4005c56829f96e193e0a9e9fcbf18eb0af4df5fc90b9526f06b77bbc657286418d3590d681c0365d06eaf652d65c51974a6fd3bc6a7194db51f0bd80427d938ebb50d1b39ee38c1da3a9a24eb8379023a153e9d80f8dfff9e9e5a52396c7106a065254ce3342f9ce19cacb87612d88681d006c679d1c4f9409746271fbcaebf6dfd9a57252987cf2254ffc0e7854fa2c96f90a0e9c0816e86825ffeb466370a812777a4afb06f6a129825d45618bef71cef1bba951a1a7ef30c1488a126db6adffb936692b9405b57570a604faaf46030170a6fda2f36601b7b114075cbbd8a20a7527e5fb0808e79341a34aaa1159bbb01cdecd7b3d3368b37790c23c8710f712ad501a628e36f87e28d63ebb3ca8444c191c272ae9a781d4b72572c1bd26e755583469e49882f1fbbb53d55adb640a59a021335158ea2dbdb8cbb28c2ceed455e43360ddd4b3fe903c54360900a22c808acab7ee709b2457930a65d8ba2173812ee3624eacdfbae4a2d3e604d55b8c84e7bf254d59495003c338d415d226ca53c6f6734dc52533ffed030f9ce65183e88f93b4b8dba9a732259007d296915c8fbac189a5dd62780c344a8fca7c7dd22943731cbb2c9d616b15d7af34194824fdf908ad1774044b36e31233ec556dde0de73be1a09e6d472e3335b8ecc58e57304339c018c0b1d83cea91b46f5a65aac550b3b506e3bd3fe4454af2e44e936fddb2c2e47956b68353da40bef6daea49b9ba8ae711952d3b5eab5c86e23738b7ce6926bb8b22e0ea9ac34d027fc8a1a786fae79d63d6c2a96fcde7fd9aa33d7b4552b7b98bf56e31e9e5f53a850814313d842201ad7eaefa4628e911e52f808ef64771bc57dc2a14be0e308cebd6ec355441e71325e7143b63292c939b794085953758b885499b8df359e7c2c39c183b170e5cce8a5f206eb8b450850b8950b2b9b12fea8e77125be533eae98454438ba07acbd91f56860731aefcec46fcc22aead6f10e27313f6b8aa60949b3421066684f1c3064d0c09b53b17a20a7f33ab1f6dba9047906821d0038c320c5ec716c376a0926adb191a69c050ac5b8c738b128a569d04d9d484aece58255f2455699a09b5b0979b9667c0fc89e0ef157111af68f4868537c4d1c811270608e9d97d76a35ca4034cd7c5a3526e0bc96a3ffc18bf652df0b0bd6deeb5d4c03ae6211b3d656ede140cfee190c2b7cb8c8cf5e4be29637162c3a6bf1c990b920a24b31aafd403a6187c6062ad0e7ba000b5d6f78e354a98600c5b093e7727765821002f6a3bbea944391a1dc7f2d6552848cdaf65a10d1444e366f79796f1d3baea081c170c1b3807673aeba492b27d763b2353f298294496231f0b461773f87bf63a7442536be3b25a8571e6c0a460d77585d12371efbfdb5d1436cffae9a60cafa23d74ed7528b59f9c5a04f775da121ed7f8d8eefb3148fcfdb8fc22c2a6b0af69a4eee6973d84fdb2829bc4015dbd0add439109f13dc1590a0afa34663fed7c5b5262775280b7e52e75729a92799c8b079d275c47d1e51cc4e450dab89d895401ce492db6f107a3a2b908611214b4ceed42d545fdcba4b9ebeaf62bb41353f4c1a1cef20fa9dbb147b7fb9f0b605c1c8e5e3871acf7af3ac2b750fd56af97672af335f77e7c5fe1d3e23738be468fcde99c4cbdcf678314ea993382558d07e02d3a255c06f244aff5a5b7baa2c7aa2834e1e6539ea9178ac4e640dcda7185d540e1f1973423332c4c912c63cb3a7fcf5b10c856ab9f0368664326555268e3e67ff089b752c7b0a8976953ee5393f863824c55128bdf8adce7052f88e3ee487eb6c8306e627b008175f908d641daddb4fe6d96f0cea4a5ecf38251e24b10b3b66edd7e0cb58cfa41e20473ccfa98d0504bc09a39897e1b438620071bc6f3dfe3009ea47f151f7118b7d8a0e09f34aa8e49a3ac3d37120260f80106bf023d37e1ea97e500fdd5ae42f9fd4538afde38d4cfc891675785029e4efa904e28c02ea8c68b5fdfd8dec46f7e27170b84d698576b0bce96575bb2cdc543798cc77004d9b831141e5426cd488edd9316a6456821a5577c1e62f85f279817f9ccdc0736fe5f2ecb692d269573edde043f93b05993a9e91a41aa2147e59367c6b7d7637b2482ffa6879be302b09cd343b994814c9e7eeb0efceb8408a2f5ad8f0472319a223b4b1c32d366bea075076a8f484925601f80b5f0c7ad381f243902e9352eb7b5c7f4ed8628e0ce55fd5edca2883c6019b6e3e9b5a2900ae1c808ac0cddf609a1fc50303e5d8ba2181960eec865d7cdb9ae4a2da66084553c8d877b3e54d594d5f13c33e7496bb9e67a89bacc2dda20c83983f5d8d822e5cce8948d24dd543d06ad22d26be96be6cacd8603aab43cd62fcde6449cfdc3276d6a9656ca74b2df1cdf213fa232689be8513990f9497714443e2063e519e540e3066d73be0f091917726c6def5ae60ca7064c33e2018c66153679a831feb7cbd709fdfba379b03bcffe10549c2e629e75fa8fcc02831652780cbf52c050863a0ba351709723bc63d6d3c2ffbbbc9ecce13244879e09341dca0c2f9f28f7f9083800888c61efa008acc14a2ab27770a5e2130da4e362b60f94e3b36d474f7aca3bf28785fc7f0bd0791f69e4f25315d629a66e67dbf9d7f667a98776d8ff77936c36f041528fcd28e1fba1f49aa86831dfdba8addcaa05e78e0edfcf56108ecaf39d555a65d8fdca5fee13b290ca7ddae0baa2c2bc199eba3f462d27e37f8e0f5c7a2ac95d66454ee9f0b3b92999ab066dc8881e53380db155da8c05908f828d077171a38041e3bdba417c58e6b5aa5ebefc252d52649f8ff6f0ec3187e73d0bac421721c7f46ad21856959764c61e3502e0db818feb9f54179d117c1838db1a8028fcecda4f11d1514612e42503921e2d853fb02c454dc3ccb3f7f5367a4d586266bbc3b28f827886d22db8e46a041161c4483a1d49769d169ce69ff4d0c5dacbe5acc47c83246a8c4a1ed6294a167b47e71abbb2f810e045f5f00f96fb120f3799a3016fabf145463d3174b3effde02f5b4f5408f4f5603a82ef93c29cce40b24820674ddbb7a6e8241d7300824b7558ee661b2903921e13e85653670de0c361917fa9f2627bf2ca001cc14dc9ace45e1c018173e9ed158c29bf8d11341929476c9c6d6bbf1af86c002b7a277216feb994f83c6540ecdcfa33c15efc53308d0b0deaf6176b640e8958f7eaa937f95902d9db242e78e59f7959f2601c4fc4040ea8caf611770f8941e2c401bb0030dd08c6a1694683590ac368347ec7ecd24152b1d452a27adf5e7d6106308129c0d24a17ecc2be76c737ee39efbe033ff110e425c6a65c6b332931c6618cadb4fb136fb9a1633fb84a00e9232d5e72b6841bd9ce585c1c47d761872ca5474eccf260feed71bd8eaf4abbfa91f85f8e18982c9b4ba707b61f67e850bce8ae4777d4576f4353cc1f3277ea7eeafa558b0cbfbdaaab33dbe9aa7ecfdeedf1cb445dfc44ef4e98c5f017fa9074d54ffb0a052b6e94d497e76537e92cb578dccb6ea6e85b5f10c5422665986bb591a87ff78f61b42557a7a42767cf5a07706a6f110a4ef51068e9c17618dc0a5d7681d796ba88b6ee5084a52e956471a80d5f68295a657d9a3139994d0c62817cb73bcdf83c76b510fbd8b5594759e2391c91652b093eafea13bbeb70e8bc52c545b180fc9339b06e9052ff9c10d3a0703e4cb680726ee1278e85941238869a6c06df79ac37f9cc13e5851fc3aea40030458b7512388222ba91afada0029bc979905b346e2e56f2c15f7ad0fbc447be25173f2fde98f36fbfcee48b81b29b258b79ba0ee2040bf31514ee86e2cd6a54a993619278685b4c9b7c994f951b2af9435e6fbcaa23511b3b134035753c5f208cef838afd608ea9ab7421aac2839b93b16f44d7a1527f82b7af129bd1bc3a9c3561a39447e6af7e846b70ebdd9484f59315097234dc903bdce27bd3c09451751e6a46487f256c1f6cb503c7e7384024d202473553b7a2c701ed1228bece5cfd7adcb488e26079b689e9b1a2a30a22c898acabdde809b2fc6730a65d55a21719d7ee36658bcdfbae1c2d3e5ae755b82a517bf28e9494952afd338dacd0b9d11d03ba67148f2007285af587cd8ae5a2929b8dec76d93d3273fad2117da3e625d80c038e9ae3d62796a944e29e68278cc0e05672cb1cdf691673ed0a953f4164bfada48ad148fd55b3834ea05d0e213ba11d13be1a8a5de172a675245abad266a320481eb691b56fade460e002377cd15601d44900bdb8fe20ebc63dd1a455b64d81bd1a72fbb2484603b65bac23498fd8b88138946c914d6782fc3121d17060b05bfc54673f174bea307db5f918351d79a5b1263c8fe1fadb5d0d2bfca0c2b06160dfcd711ccf928e8e85810216f8ed27def60854eb8bc05d94e0e8c55106928d836c81a07285350b6cb67890f41fddc797c1874464740175408f662a974d6747f1656fdc129617b43733c74199956b6c9d935389a6e127067d5ed42c9ff73ae69da5de80b7c5e30cde159599b32821bf393b141dce27861ea5e6263dddc3060f8bf03c90c6cef8d0be6a2e71c2c2e1628f8d61470ab0053ccbbe756b4afb2287a79ac9b7a014c838e2cd8e508954ce6d6558bf7751d2485695294ec6b93536e02d81d9eb8c54bd9d617cde388c1a7d2878ec054ffbd10d4651e49c030f1e1c853eb018456fc396b351f536b11a588a4332c3f80a7878667256b8c9893111c21d6e3ab4c0669deb6f989f5692e2da3ea9c8c4c469236a6b2bf2d64dd4bb7b423fe6bb6eda9de048cf54c8f6d064ebcfc348fd482c03baf9a33e2858f44b1ff3aad6f04a94d80d1b6bc58e20b9336e522a7fd1a42e9e2a255c1b95b3af382924898682787ccf54dcda2cb5eb2aee061563efa9fc6230f27c0048c1a9c90ee4d01c4d8021e90f153529c68d4d34bc29736ca16dbbbf36f85000cf7a137219feea94663c9d4049dcb433465e1153308dae0dbef6a56b930e9758a2ea46373359f7d9b5242678bc9fdec5ea60d9d5d504a4eee2f63d899d89abc812015da702dd3d7f816915c1e30adbad887ef474ad41747ad35280b7615e75ba4430284900d2f116d3c2b9248c37e45014be9dd8ec10809c09a69d462529d16ff78c14b4b31342b922df3cb83fe74923d0a1ddb69947a1ce86b1a94749a91d2c311e44cc875080ed01d4f7af69adb7913bc1e218a204994ba6cf781f880e1fbcd0ad137752824a4383fa2b3200c399eab45be20cac4027ab125257aa4064a5edc5f3635d4462034e43b7b517e7c493d55667a005400453d497e718377d2c737875cb3aa60c5b41101c422365346bc391647f688fd7b4c6aee7a4dd22355a3853576ffb9675f58326bdc1c9c7a10a4b4c54d70bbd5db6c83983a5578bd171e859cf6889f1d07d6ed059995bc57f816c7c92cdfe1934b56d7e09b510e708e204ffb06598d0c8afc09abbeb7e1bb1522007fd80f3df05099ea463531f71d68dd8a0fed134aa3f46a3ace5ea12029a49010657713d37d26c97e54a5bd5ae9b9bfd45883cde3839a6c891d0d985023825fa90d698c02ec1038b5ffc5bdec456472717ca95d69809720bce0bd95bb237a1437933ef7004a46a3114d38626cd8d54dd9386924568bf4c577c994ff85f2af917f9bbaff918151dc7c69048917303fe3ea1eff132eec9a9e91a7aaa21479b9367c677d7637b7f7bffa6399be302138ad3431e5c814c568096e62f3c3d084659738f8d1bd09a2e864b1cf2cd66bef84f976a1c342125d0e2efb53f40ad382a333902983991b7907164ed9fbab1ced6f65edc37883c607924e3e97e51900ab0c808ac7addf6092efc5030ba5d8ba2011960ee6365d7cd6aae4a2d765a8455992a877beb1dd594a2f13c33d4296bb9898c89ba8314da20cf2883f5b6cd22e5e592948d0e76543d647322d23c7d6be6ead88603e09a3cd6c296e644b0fdc327366a9656af74b2df3a16213f5e95689b32bf399084d1771406b32063ae5de54097a16d73171a09194d726c6d93bcbad266a32048ebdd8cf510ee6eabe1777b095a66a90332349edb93b7571965911f2c49ede5428cd477526f0cbf52b550863a2aa35170e123bc63f2d3c2ff81bc9ecca5324487d809341d9d0c2f9fbdf7f9089d00888ce3efa0087bc14a2ad37770a58a130da43962b60f0cb1b36dd3267aca89158785a2c60bd0903269e4b7fa15d6a9c26e67b874d7f656d887c442e7c200be354a400cde95d5f64f5830eae559ca73f9fcf0a968fef63a0edf07ed5cefca96422f5a0ce9fdca0e8a56b2d2caabda4947a2c23e19e1babe464227ef798e0f2f7a69c97d66064e238bb3b93017ab0615e9881ece510db1efda8c05e78f828d357171a32541e3bdd5417c5829b5aa5e4efc252dd4909f8f55f0ec310ee73d0b32421721b2f46ad2481295974eb81035ccd40e01008fc892700bae6c5806c44dd9678c6a2376cd1eede48683d6d81dac6df3dba18b30af6669451db0b444c1723343bbc3d88582260cafbebe0d636e7d7a51a30e1bb0e5700b8e7193d4d5ed16acdb998e15d2c66a6b2bfeba4da11f627cfcd448f3f7edc0259ff4d812e63b184043a37fd670be18694492f6b48ad97072738681fee16aedf397efc643e679c2bddf55f4e3ff27cdddba7286c1be1acc07c0661b40aa923140930aa98591309249056ea9fca069f2240ddc9862b6de955b4af329ea96e13c356b6e9da39fb189bd22f9b1f8bf1aec8d007008d64c20dfe40783b610f5ecdcc764c17d0fbaacae9b578580c1b59f9cf09509eafd7f91b354a58faa3130a4112868ccc68e7040ee43b4796c5afd5944b87e34d956252fa699dfcc69f4d5799ce7f60ca57819acbadd2b1f193a1fb8e2d898840ac43bada944ccec38da23ec9be5c9cc0e00f7b8bced0e26fd559d82296deb506ce9017b835db60c4eed27a1c0ede48d8cdd8d02f96d238c1906935c72fc6cad3bf233abb636edb17d528a8e18ae23c5450ca86192c6fdfc2caf22677d5e056feb0d321ef5fd366830529f6ccf9f52149a97f8227a39e0a58657dc10b60d322dfc5cfd0e41c73498c5b5453290f1ee665aa85b4c5a1ea256aa0820e92c73a22bcb31911e0b46224fbd3f7902e7a5c8d26f10fc06745174b1bbb30bcf4ceaf54976cf8cbe6db6b843c403c3d334c94f0db2389ce4f4f7e6d9a52d30ef065b62a059dadd14711ed8f4f1ed9988f308fb9cc4fdaf9286447e4dd830fae77d8607fbb0b69c9e234c7a70d163a20602252854b6138f3967e96dea18d403784ca75f53fdc6ed62414bc34627e152a88b8596d1543d495a5c6661c18a389b1d829b6ccd9bcd220e32f96f807e1e17a99e47375b0fd4fc5db89b9efb0facbc35b65a0e336ff6e00e07b8871e0b8363eaa54f79d5162f8647c2c7135e61f57ff0e1c063f535c1929ad24766041d008bd5f9aef4dcb0b41e35d8c1d8045c95e821a45be9960909fd2858de4dd3f07b3a9bb026df3de29570ca7a85d9a120dc58553940103782102e9cc030bb8e0984e58842fc2c1e3524ceb638acbf248b9989e21d6515373e550865c021fecdc77a352beab031f5612ccc290c59e4e1de5ef8dec7f8e21cdbb461bde07ee9217a473693f23c0463a7e67a0eada585075067966843eae672e0a0d26ea14a1d3fb39107085ea29a919790ef53d778e0583f8a2ae040e380b7ebd620c75517d565f9bb389f80e76e3b932d6622fc88032c16d06772f60247949a16a090350fcc3b419a4ae80f26a65057182777717b76aa13ea81a81139ffced76465daeac930713414d50fecf3b379bcb0cffdfeadfb4d1d4c85864f98194891c16a92dd6e3b99fff5ff8b4ad0b9840df95f712422ef652a4f9980fa44b77053235d71d61f81a850a2e9b7d9512b4aff9a608f7394501b323ec42b32442c6d09d0523e41e26ed7d145657ec89a359809b7aef752d7c56e632ec747734afc64116fd4f31698f95ba175ca0703cf1f5818ca465ebd86e41be75621467704e50c1ce7309698873f81b906ae6cc293f6ae553cb4f6c3a852e6e45e2197cbf873e7e805e73aade4cf100f1b64a213aa4c54cd6ecad98a13e7f6ca5c72ff15bbb619e06c1a0f954e1fe7507d932cb0c40e2cabde46c4bde0b9309906f4154c085f0f34817a6c108d97934e3e813d791918c3b0ff09e049cfe5e8842fbd4efc252d4bde9fca683071eb922072396700227bff421c4ebe569597682d1e2422494c60518fe40cdea82d84bab4d2f05fd7abebcd1a6fb92d0d72d33d1598b9a614e82109529dc7ab53ee4152f1c1725b639d180f901e71b5116c02798e264041a41b846e80b2604bc37265db22d5e72c067631375d249620f2dcffe5d4168f453f1a8c13daae0248150814a4340b1a44b0068d9dd3538971d83919bbeefd325d8bfed8658b72e3d8dad65ea2d9359dec0d9760f6d833a6f3439c4c64c3d0f091c0ff66940ab8e26c0717f47a6fe0f106f40a06c1ab1dd533168d4a8fe0ab662c34189a309f14863e71f5445f2eb04f5b6cad6da165f13b5028fe7a4772eb2b2e4df8ec404af9dc3461c12b1158988d3124d5ffa5879fb8bca7dcc9efa1f9d249e6426a115ff6546c904f67365509833b78b6613a1c57e2ac3cd20e3c8a300b93c621690acd357cdb231c7e4b74868674d3f6a14ab754cb17f7f1b1286258e4c33b3c09cc7dc7a229e97eb21b567270c851d2a66ff1e1e4c255bbf7edd05fe35f84f870240e808ed5fba7269d36849d37ce06a62f07e6f665d03547867ba0af33059b47baaf20ae9bb1f8fbc894302cb4acfd4778ebc48e28bc03aed1853ef678b5f1acc3c004c46b92ae14ebe4b138bbe9442e38cf7ed9344b7ecb6482bea803550a4fdf17f16745ea4f08ed84ea1f62b9d22bd7f454955b7d88133a223e82031008ad3678c24323e4729f3679fe36b26d114821c4aa8861e891b6fb1ba75f9526de56eaa3dc5f8c767fd7c6e369fe86d5aea5758b635ae8855fba40f15d7deef6e81a5bb3ad4b797c8438fec2761c127e01f59b4a731e737e0eace65dc961c0b2bbb2a9e8759ab1c5b15af30335b087a49f3e1f17d39ac9a072b690116e33a3bf9794fe021ac201d7dff7ec3720ccc9d285b0d5394f0010d73ae1e709821a2be2b9adefbf9b0dfa34053494b802de8b42ada2f210bdbe57fce05b55436e95dd95102ca05af6db7a7934df6bda0b4b317cb1864ecd7de9ddcd61e65968734c935c993a5a0a4cf971f9941a07685196dbcb78bdb90d5f12ccd1798a1f599c7ee9992117dd479d8659b6444db3d31c235f94d415e2f4a38def0f25c2eaa2e6062b33708f3f0847bb5329095a3143ce3b13195dbdafd751a9a26ad34871d16c6080362bc7d638557b390947ee62b7abeb9af01216e0324dfd96433613914a8b3e4a12e6a2900a22c808ac5391f60918c85030a65d8ba27b1260ee0dbdd7cdfbae4a2da0e88455fa8d877b1a8ed594432a3c3317415d22416210ba099eb0c1378eac9ebf03c2fa421ef781a1951ada32738116115e9415c1e4734f8eb43cd636e5e66b7bc2f27dd6b1d69f72cbc97f69a973ac08f3532e0c9439908ad1421f5597d6338b3edd04b1806d73be1abb80e1a1d1fbba8e2ee2034e4c339c01c9312e730fce0d53f5ffe079cdfb3a50b03bd3f710b25af20fe9736f20cb5290a061a06f50ad279aceb22168fd53e06c13b5f9df9c13acd3a86da945057794a58533bc5a918a741d17e68d12f58b3154dfc3212c80b50deb1c4155c115025f3f7180b9cf5eddcded9e76d9b8af4f8320da0be62e8bcd81177020963908867b2e141ee928ceb49b2f8e8379713881bf6a1da248807c3968a2cfef7129d7f11a5e6de9a1bd26fd88ddc4a8543ebb35110424c0c9341a89f373bf72c348b9fc9e680e8728b8b10f875fee0eb39e2f35b039aa2efca0c96b87c0c420e6d72512d90dab2b836b7c22771349a10f9f565a1a82e22ea9c51cf9b1e1382ba7d60579c543116ff15e9509b68205d3ed9ed9bfe5df71329334afb96fefde78281962bf4fa46552a7c3dae3c51e0015ccbb607099714e4fbda4a9f83831deb7c208f30cf2f700c0c25aeb7ca0fd624988b096c12d3a6f5259ca123c603dc81deede19dc3d4143b6055857f791bd2193f8ac0ff887bba721b0a1b4a97f43dd76cb56eb85d8f42516dc6d87dbd6c1a775dd59963930c5b9b9c09871d319347e59983b05a63d92867d56f6a82e4b51ca90dfccea697726851e38579f2662f1a152c6beaa6cd5307fb48c60799fe2682d3f6f6ad21cd6b9177aa0e0200c50622ae8f333e3e3ed5347641b7ee012f25cd1009fed42616fb1e669e0a666125f7744badca3e04f8f8384a6f99cda41a5d8cc9fdc2ae74f88b59fd41b58d09f07643856ddbb2c2ba9f486fae6d56763c37f9904a45e98f6a3381cdee0c8c4010e1e30bf89b0591415c1590ff4ad6d234ebc5a5bddc3d452806a2f5e1085b9876c778a8f948d0603f179f237e498e6be5d328d8a9069792c0e321cebca6f438c1462bc1399232075ff1e10e96e6458525f966c1ba1b0eb5ce6a372fa92559382f335c37696ed9bbdf70523bb8c7e29748748b3aba4aabea6486bba687ffd0c8f9195b5a0efe8e011fc9477eaf8fcfad2a98222c26fe86fb2f2fc9dcf0be16af12a184019f1e6c429b5fcdac8e5fd66234f16d573b0d4fb309c56cb3d9c7fdccb6955e8aa7dfe759e0f9474974396c97fa3eb663b8bd98d2426b002b438cc4093ff803f0894c61292ffc7d1c64aaf0d726d0388b6956d5da066ae39e56ab03cb9a410078e4f71ef7d49f8ca5c21ea09034c4d40236d2fd83e664759e25e2359659886e8afc0aef8eb7e683552202c8080f3f8f5b09e6ad6ff1f2a6aa0d88f98b634a506e1a38b8394123d239a011cd2793dad70cc97cebc1fd5c83200fd3cad75de2ac922c88545ad85d7a5c9faf21334c04e8bf28b8c2fd0de8d2dbe27e4412fd63cc86f0b02148b5be8aa25432c2b0e70f2ddf33130438626be2454dda8ba9245a4e64c575e724ff87033f91766d7bc071e801b2eeda835260cf520de81f48ab0ee8ea9e9c421aa215f9b93672b44d7632a7f82ff2a129be3593a9cd377a3948106af7eebac70eb841484f5ad83097231be903b4b467bd366f8517507834648499b6c1f808303c7ada3402439ca47352ea0a2c7f44c1228e0625cfd5ea3b4883cb479b6e3efb1a2906622c8082dabddf613b2fc501aa65d8ba3171960bd3665d701fbae4a03a05a84af822a87cd1a8ed542ce2a3ca435ac6b6b381d89f5b914da5aed288365d3cd2293fb9294a3747654f29a732290547d6b86cbd88697be9a3c93b496e6ba1c9ec31c21c096ca31cbb2172a16219eb29568bdb2bf39dec8d1771f01b3201fd35de5b401a16d732f1a09bbe1726cc8245ae69e86064c979c018c0e50367992eefeb7746509fdcd3b79b072d3fe100e5a2e62161cfa8f5583831635b30cbfbca85086b614a35178fe23bccb49d3c2a33ebc9e4a2b324407f00934344f0c2f3faff7f9706100887b02efa00f4dc14a6c2f7770a95c130dff6462b6c89db1b33797267a1110158744e5c60b0721326995f3fa158b13c26e732574d78329e28795445777a06223f0b3c9b8cd2d5a8aa1550c76682fb2b8a8d6ef780588fed9dfa5075c8e8abc425517c53ffd25d98a1391d2ca7dac49baa26e3e199e97be462dd8ef7f8e502f7a2ae97d66456b23f0b3b33099abca15c88867ce380d5eefda8c27e78f82fd357171272541e30cd5417cff29b5aa6d4efc25a4d4649f9f55f0ec390ee73d2532421788b2f46ac2485695344ec61e7236e0dbf5d9eb9f53bd9d115ade38dbb87d28fc46054f11ab0d4612129c03927a1c853fe418454d0d96b3f7f5bbb14d0e2a43bb9cbb0a8275b1722dbf6c8904ad511d483c9ac076c4de6fe6b23192c52ee5a9ac7df969242e212b1ed16fd41638333f1a0037da10acd6cff0a84f5c12cf4043a304ba70f1e1a0d831454e88fdec74624ff3b7e5f59aa797efd06ee6ceef02e3206a5705b7240eb01de751824bcd1bee66725103924f2fe856fbd60de08506917f99fc627bdf7c001cfba9c9ac0dd01c014021e9ede43529bf034d34194a736c9cd8bbbf1a3550002bfd137216f3ea94f8919d40ecb2b433c1fd11533074ae0dea3fa56b64339758f70a4637f9cdf7d9dbb02678e52f67c5f28407d5c48d45eeca26d8890fc38bc8c4d43ca73032c37fa1f28fc159ead2ad347c8374d25bcb7ad44851b7dfd46dba0600e749c0447c16ec11eb24c7b25a50ef244ad8f1ef919cc675b4463396856f618414b4fb0642b9a1d13cb84ad549232dadddb684e1a1ce5839a947d71f1d2ca55c44ccf24380ed71fef7af4a90b791f84be2189823994ba752781f67481fbce8851377d4f74a4353712b32779f99eafa44e20cbfe927ab33e057aa7e98a5edf1ce635dfc26034e9868b517faa993d54f70a0052b2353d497331837e9e87378dcd13aa6e83b4110c55923659815c391a8f4688f611218aea7d48922cfce15536a17cc964ecde026e96eeac7dc577e4c810fd2bd8890973984c2a58b64c51b595f93ddf165ceb0d039cbebc5622be17c3b7e5e1976fc2e7ed813c7e759d3a1ff91290bd03e15ee9abbca4b1bbcab4707b1bc28df390826a452a55571d3b9faa04c9f45aa6e46faac85948c0286710106dfa83d37f9ba97e5856fd5aea404fd458b7cde388214c891afa085029ba5fa905bb5c02e56f38b5f7ab1dec4471327173f88d698f3ae0bcee4375bb29b4a4379ba8770040b403114eeb326cd6adddd93619045685b3b577c99dc8b5f2ade2df96ff1963651e56dcb404ab2955f8d1404831fca598e29201a21b140479bbedec64419627b7f5b55a6125cbc023aa73043a367c34caf245b0e70423d088403738f0954d09a902aae1c7bf346be51df076a46bc49256c6280b503ebad3840f13902475b2eb7a274f4ed12e4e0ce5c145edcb4583c60790ce3e9b175900a225408acab99f609b2e15030a6d18ba217fa60ee3662d7cdfb194a2d3efa8455b8ac877bf211d594953b3c338df36bb9d18c89ba6792da20072d83f5870b22e5a251948dec3d543d329f22d211306be6259b86038e173cd62789e644e2c0c3278c1896567258b2df694a8c3f0a61269b6488e2908a21ca145552cb63a04bfc403badd573be13d819e1a9846d24bcbad266a320481eb691b56fade460e002377cd15601d44900bdb8fe20ebc63dd1a455b64d81bd1a72fbb2484603b65bac23498fd8b88138946c914d6782fc3121d17060b05bfc54673f174bea307db5f918351d79a5b1263c8fe1fadb5d0d2bfca0c2b06160dfcd711ccf928e8e85810216f8ed27def60854eb8bc05d94e0e8c55106928d836c81a07285350b6cb67890f41fddc797c1874464740175408f662a974d6747f1656fdc129617b43733c74199956b6c9d935389a6e127067d5ed42c9ff73ae69da5de80b7c5e30cde159599b32821bf393b141dce27861ea5e6263dddc3060f8bf03c90c6cef8d0be6a2e71c2c2e1628f8d61470ab0053ccbbe756b4afb2287a79ac9b7a014c838e2cd8e508954ce6d6558bffd6ad24856ca974eb11e35362ddb81d92d9f54bd55117cde8fdb1a7d96fcec05ae11d10d0c12e49c99921e1c063fb018f44dc39624f7f536b44d588aefbbc3f842827866bb2db8c9d20411c2ce483ab4ed769deb81e69f5694c5da3e56acc4c411246a6b7a1ed64d43167b425e1abb6e6910e0480f54c8f6d064ebcfc348fd482c03baf9a33e2858f44b1ff3aad6f04a94d80d1b6bc58e20b9336e522a7fd1a42e9e2a255c1b95b3af382924898682787ccf54dcda2cb5eb2aee0615907fa9fc697bf27c021cc1a9eaace4d0b33c812147ed153595bf8d4d641929735c9c6dbb151af850b92b7a135e16feea8df83c9d68ecdcb420c15e1153308dae2beaf6a58a640e97e2f7ea466df959f777db24267ae59fded1f260d97bc404a490caf63ddc0f89ab11c4015d7d30dd3dada16915e0590adbcf347ef410d241741fd45280e3df5e750a06302841c0d2f146ecc2b97ec737e4a9efbe9d52f1108079c6a69dbc3329d13c618c1483fb13428d45633c61500049e1cf5edd047b1ba137155ca99277611dba7147448a56608066b6bdf7db0dbbb799fc5fe2bbf92c99747a0778f350e81fd53eae134f0b574a1a87cc2b6401ea99d2d155e2eefbbd275845db5730fbcfa52d36cb63f4fd4403781bc5b5a6da9093db52fba027276e539897e718b5e92c73f5dccb3adae85b413dc54223b6986bc3c0a87f683061b4c6fda7a4ddeccf5a38966a6ffb5b4ef5838fe9c1c908dc0a4b5081d70b3a88b6c88484a557436471e8885f688995657d6eed39995ba862816c2d3bcdfe3c76b56dfbd8b510e759e2040d916598093eafc09abbeb7e3ebc5220feb180f3fc28b09e3fb4ff1fe353a0d8bd95b6349f8ee1a37f84941234559a01184a793dcc27cc9754cc1fd5cc9200fd89b375de6cfa22c87e8bad85e200c9fa64e434c03d12f28b68d9d0defbe3be27c17a2fd6575f6f0b4b578b5ba7e72543e7270e704996f331d0ee8626f76a54ddf6619245a35b4c577c994ff85f2af917b6bbaff918151dc7c69048917303fe3ea1eff132ec8ea9e99521aa21479b93677c44d7637ba182ff52129be3af759cd396f79481db90610838b062843cff08adee8bdc31278d3b4bae02d36691c16d07e3d32049c09efe803052c7ad104024390247352eb7a2c7f4ed1228e0ce5cfd5edcb4883c1a0cb6e30584a290d022c80864abddf600b2fc50c4a65d8ba5171960233665d77ffbae4af03e5a84e0b82a87bb438ed559ce2a3cebc2ac6b5c181d89366714da2f072883fc87cd2203a2929463ec765418327322ce117d6b5a25d886e78e9a3c072796e64a1c9ec31b8cc0967a31cbb2b8691621ca0a95688064bf397a8ad1775355b32027a05de5713ba16d87be1a098ae1726c1093bcbad266a320891c0165045ee3daf546a33eff523b1eda2731d5435624d7b8e96026fc42084ec3f33c1681b30cbf73a850863d14a35109fe23bc9049d3c2483ebc9e3d2b3244bbf00934a14f0c2fc0aff7f928610088e002efa0fb4dc14a992f77705c5c130d726462b61ccfb1b35129267aaac7158709f4c60b64083269b3a7fa155ed9c26ea61874d7cee3e2e22f42039bff02eb6094f2f0f42eefd11ab3d0f492dbef24a23b7c52efe7fed90bcfed098eca962d555a263ffdca0eee13b2d2d37ddac1baa2c23eef9ebabed32d27a37f8e0f2fb32ac97d2d454ef3f0b3b96699ab06a0c8881eb6380db1efda8c05e78f828d357171a32541e3bdd5417c5829b5aa5e4efc252d70649f8f55f0ec310ee73d0b32421721b2f46ad2f756959731431e9bc38e603c5c835d8e73ffe77784b4d26d0ef0b4cae95153a776fd2653090e45e14f285b33236fe727a93385fca89cea3f8a43bba3bf0ab0086b3ca70942eba8ddb9ef08d287576c07dfe6e0c94282f17226f6cfe77818246a6b94f4d6d8aae33d7aaf05865e15b3fc252cd48e7f58b51aa843abcce1f285afb2fb1ce70e4d4a7dfaf259cc55632060f397aa42371e9844609b2b6b313e1bbde0db31f72c9b47402bee660694039d8bfb6d593e086b1f4cb26c7fa9c0717b848248c84c8504850b5bf2f329eab252154549b01e6795d5c4904c6429bbbf4eca505b075c66c4e5aaf4e05811e340ec8d9f339b6744a42075119e7b1088b59f9c5a1df78c62cb930b8838c02babe96b9b631cd8d71833193b309a679e5246d167588c8e2216252fa6889da14e9770f19928bd9253b52ef4780a89c3164dc26f7665288157c43bad03b316a593aa00dc942400509c99776f277c0e26fd1c7f333575638646a234943d504a91afce51a1c0edf05e5e7d349c1a9a6d8401acaa06c7e9bb5a3bf233b77d80d1b052d88bfd8fe10d7f1b7fdacee5c6fdfcd9861f5c4d122f84d3da0afd1130ba14aad1ed298edd0af92c3b019de0f19e4edbc719c435f436326dc7c755ea184e98c54392fad20605f398c9c5cfb44ff3c38b7637e92c97abdc37b96271b061cb33789f5aef58949f4ae4e464ab66bff8019f4522402a1c057d287a8cdf973020fe2b69318680412c9b89494e8780b48884a8a2b0fb3918a7a0b9a46179276978c5524e45ca548cb146baafa9a5906dd4885e6672f470ed9dd548e369786394a28722c9c5ac01ca6d9f47eedf592d3813d88fe96795dc486ed38ec04ad4875cb196327fd54b80aa2b5c790513e59cd7eddc8938bd89f08c54db3468fd08eb6a2c3fa0bcf3645d7190ecb31b7f344ba2eafb4eaf3cfcc7871b6a5c2baa5091a04171bab9c3be4e43fe9d80d345b98b7499b4cf6ef84a3ab5a4aebdf8b8500879189542abad2a9676d8c7d4603a7c383247d088e363c50be23ab5ab641884fdbd15d4795c47c1d1fad0f7dbae01ca6208be7e77a87c0e4494b9dcbe06a8274dc5afaaeb89b62e20ebc922a024bce89eda74eb86a2f644ad0c95156437f06167329003cb8be9abb7385008edb43c1871f01175bd6b5cdb593409c3ddb12e0524e3e6283ddca0c290473cdd8ebedc56faf622590cb1de66f97f81458bf0fa40ae2fd8a27174e4065e57edc8ba1975ac227db34a0ad23b506df5b9b000da1c8fa5dd01bfadbb79c71641812ef60c849c219e766305e1fb69c0c5d88e1e55d0963aad8973aeb4e38f5ca191fb42ae69f2f693d66862759c7dbf6914b410db120723e8a4cf5793f974e01f522972ef81832752ab6af3870cc814e2099ea5f1ccbfe31cb8a7531b946d4bfee40ed1931ce76d7cb823906deb1c9c30657fe17d887854c252a8d9d3c9b1a3f3f72805c4a1671c4960adb5d8cc2b321095f0a6899ea2de3ca6d9e332d46f2afb38a6f84d4c2e80d2b0ade8a11893f2aba496e422734d95ae337ee37a8bf1639555068c60fc8af869f812ac41136fd1ef29c6b48b0e24e2c9a8578071a07bb5354457e8102e000feceda3365920d913bb04c67805e71e39dff70a98e7640a125a706d77fd140e8a8c43d265e5ccbc581bf15432b8d82232c825e587507b55a4084b770d2842df35b3b930f87206e32d6bcec39873b765561281c48083ee277d775a8bd9a69ac5fce038579eff5e4efc25c223640900d135f01d8d383ae231baa8e12107b9fd48569500000064000000641cea000000080000000000000000000000000000000000000000000000000000000000000000000000000000000000000000000000000000000000000000000000000000000000000000000000000000000000000000000000000000000000000000000000000000000000000000000000000000000000000000000000000000000000000000000000000000000000000000000000000000000000000000000000000000000000000000000000000000000000000000000000000000000000000000000000000000000000000000000000000000000000000000000000000000000000000000000000000000000000000000000000000000000000000000000000000000000000000000000000000000000000000000000000000000000000000000000000000000000000000000000000000000000000000000000000000000000000000000000000000000000000000000000000000000000000000000000000000000000000000000000000000000000000000000000000000000000000000000000000000000000000000000000000000000000000000000000000000000000000000000000000000000000000000000000000000000000000000000000000000000000000000000000000000000000000000000000000000000000000000000000000000000000000000000000000000000000000000000000000000000000000000000000000000000000000000000000000000000000000000000000000000000000000000000000000000000000000000000000000000000000000000000000000000000000000000000000000000000000000000000000000000000000000000000000000000000000000000000000000000000000000000000000000000000000000000000000000000000000000000000000000000000000000000000000000000000000000000000000000000000000000000000000000000000000000000000000000000000000000000000000000000000000000000000000000000000000000000000000000000000000000000000000000000000000000000000000000000000000000000000000000000000000000000000000000000000000000000000000000000000000000000000000000000000000000000000000000000000000000000000000000000000000000000000000000000000000000000000000000000000000000000000000000000000000000000000000000000000000000000000000000000000000000000000000000000000000000000000000000000000000000000000000000000000000000000000000000000000000000000000000000000000000000000000000000000000000000000000000000000000000000000000000000000000000000000000000000000000000000000000000000000000000000000000000000000000000000000000000000000000000000000000000000000000000000000000000000000000000000000000000000000000000000000000000000000000000000000000000000000000000000000000000000000000000000000000000000000000000000000000000000000000000000000000000000000000000000000000000000000000000000000000000000000000000000000000000000000000000000000000000000000000000000000000000000000000000000000000000000000000000000000000000000000000000000000000000000000000000000000000000000000000000000000000000000000000000000000000000000000000000000000000000000000000000000000000000000000000000000000000000000000000000000000000000000000000000000000000000000000000000000000000000000000000000000000000000000000000000000000000000000000000000000000000000000000000000000000000000000000000000000000000000000000000000000000000000000000000000000000000000000000000000000000000000000000000000000000000000000000000000000000000000000000000000000000000000000000000000000000000000000000000000000000000000000000000000000000000000000000000000000000000000000000000000000000000000000000000000000000000000000000000000000000000000000000000000000000000000000000000000000000000000000000000000000000000000000000000000000000000000000000000000000000000000000000000000000000000000000000000000000000000000000000000000000000000000000000000000000000000000000000000000000000000000000000000000000000000000000000000000000000000000000000000000000000000000000000000000000000000000000000000000000000000000000000000000000000000000000000000000000000000000000000000000000000000000000000000000000000000000000000000000000000000000000000000000000000000000000000000000000000000000000000000000000000000000000000000000000000000000000000000000000000000000000000000000000000000000000000000000000000000000000000000000000000000000000000000000000000000000000000000000000000000000000000000000000000000000000000000000000000000000000000000000000000000000000000000000000000000000000000000000000000000000000000000000000000000000000000000000000000000000000000000000000000000000000000000000000000000000000000000000000000000000000000000000a00000001000000040202000000010002000000025300000000020005000000030000799d0003000200000002570000000004000500000003000079b50005000100000001000000000006000500000001000079cd000a00020000000233000000000b000500000001000079d5ea1c000700000760000079dd0000000000000008000000010000000800000001000080e9000003e80000002200000001000000380000000100003ad7000003e80000d0fc000003e800002af8000003e81cea0000000800000000000000000000000000000000000000000000000000000000000000000000000000000000000000000000000000000000000000000000000000000000000000000000000000000000000000000000000000000000000000000000000000000000000000000000000000000000000000000000000000000000000000000000000000000000000000000000000000000000000000000000000000000000000000000000000000000000000000000000000000000000000000000000000000000000000000000000000000000000000000000000000000000000000000000000000000000000000000000000000000000000000000000000000000000000000000000000000000000000000000000000000000000000000000000000000000000000000000000000000000000000000000000000000000000000000000000000000000000000000000000000000000000000000000000000000000000000000000000000000000000000000000000000000000000000000000000000000000000000000000000000000000000000000000000000000000000000000000000000000000000000000000000000000000000000000000000000000000000000000000000000000000000000000000000000000000000000000000000000000000000000000000000000000000000000000000000000000000000000000000000000000000000000000000000000000000000000000000000000000000000000000000000000000000000000000000000000000000000000000000000000000000000000000000000000000000000000000000000000000000000000000000000000000000000000000000000000000000000000000000000000000000000000000000000000000000000000000000000000000000000000000000000000000000000000000000000000000000000000000000000000000000000000000000000000000000000000000000000000000000000000000000000000000000000000000000000000000000000000000000000000000000000000000000000000000000000000000000000000000000000000000000000000000000000000000000000000000000000000000000000000000000000000000000000000000000000000000000000000000000000000000000000000000000000000000000000000000000000000000000000000000000000000000000000000000000000000000000000000000000000000000000000000000000000000000000000000000000000000000000000000000000000000000000000000000000000000000000000000000000000000000000000000000000000000000000000000000000000000000000000000000000000000000000000000000000000000000000000000000000000000000000000000000000000000000000000000000000000000000000000000000000000000000000000000000000000000000000000000000000000000000000000000000000000000000000000000000000000000000000000000000000000000000000000000000000000000000000000000000000000000000000000000000000000000000000000000000000000000000000000000000000000000000000000000000000000000000000000000000000000000000000000000000000000000000000000000000000000000000000000000000000000000000000000000000000000000000000000000000000000000000000000000000000000000000000000000000000000000000000000000000000000000000000000000000000000000000000000000000000000000000000000000000000000000000000000000000000000000000000000000000000000000000000000000000000000000000000000000000000000000000000000000000000000000000000000000000000000000000000000000000000000000000000000000000000000000000000000000000000000000000000000000000000000000000000000000000000000000000000000000000000000000000000000000000000000000000000000000000000000000000000000000000000000000000000000000000000000000000000000000000000000000000000000000000000000000000000000000000000000000000000000000000000000000000000000000000000000000000000000000000000000000000000000000000000000000000000000000000000000000000000000000000000000000000000000000000000000000000000000000000000000000000000000000000000000000000000000000000000000000000000000000000000000000000000000000000000000000000000000000000000000000000000000000000000000000000000000000000000000000000000000000000000000000000000000000000000000000000000000000000000000000000000000000000000000000000000000000000000000000000000000000000000000000000000000000000000000000000000000000000000000000000000000000000000000000000000000000000000000000000000000000000000000000000000000000ffdb0043000201010201010202020202020202030503030303030604040305070607070706070708090b0908080a0807070a0d0a0a0b0c0c0c0c07090e0f0d0c0e0b0c0c0cffdb004301020202030303060303060c0807080c0c0c0c0c0c0c0c0c0c0c0c0c0c0c0c0c0c0c0c0c0c0c0c0c0c0c0c0c0c0c0c0c0c0c0c0c0c0c0c0c0c0c0c0c0c0c0c0c0cffc00011080662051303012200021101031101ffc4001f0000010501010101010100000000000000000102030405060708090a0bffc400b5100002010303020403050504040000017d01020300041105122131410613516107227114328191a1082342b1c11552d1f02433627282090a161718191a25262728292a3435363738393a434445464748494a535455565758595a636465666768696a737475767778797a838485868788898a92939495969798999aa2a3a4a5a6a7a8a9aab2b3b4b5b6b7b8b9bac2c3c4c5c6c7c8c9cad2d3d4d5d6d7d8d9dae1e2e3e4e5e6e7e8e9eaf1f2f3f4f5f6f7f8f9faffc4001f0100030101010101010101010000000000000102030405060708090a0bffc400b51100020102040403040705040400010277000102031104052131061241510761711322328108144291a1b1c109233352f0156272d10a162434e125f11718191a262728292a35363738393a434445464748494a535455565758595a636465666768696a737475767778797a82838485868788898a92939495969798999aa2a3a4a5a6a7a8a9aab2b3b4b5b6b7b8b9bac2c3c4c5c6c7c8c9cad2d3d4d5d6d7d8d9dae2e3e4e5e6e7e8e9eaf2f3f4f5f6f7f8f9faffda000c03010002110311003f00faced9da12e4865527006013fccff4ef53dbcd0c91931704fbd336056650410833fae6992a46e0988106bc33d02531808497c93d572450974369508148f4355e393ca70581603ad592b19532312063a50806471a480832a293ebce3f9535502b9c9775f50455596457720302b9a9d25f2e35e46050d012c5024858a039f7e4d234850100018ebc727f0a4b5b9f3a4253e551d69d34aaa495c1f5a0015d0a8fbdbbd3803f9d2dcde0b751955707d06715559d5dc907151c6199981391400e95cdee4aee53f89aacad710b10149c74eb5611f0adc10474a96d829525d8963da80284779209c99931f5e2b420bd49a12a59949ed920536555ddbb1b98553995a572c01534017182050a1d87eb40081080cc41fa5541b91c13c8a7bb9d840040140166de758080448c0fe153b5db4a0811607a938359f6f70670541c85ab51b3b28eb8340135b840080ac4fb918fe54edc770e8b8ec72d4c49190608c014f45dc0b2e013401312768215493f4c5205080ee4c96f7fff005d1a6ee127cc33535c7cb2f6a0086188c3965de49fc71fad4cb12ca09242fe649a324903000a6b0d8480739a4d0ee3e04c6416200e83071536e2100218fe005321900e00ce6ac088140dce6a18884aae70b98c7bb139a6473bbb32b2ab63bf4ff0a9275f2c03dcd428c5652c3a0eb4149a23b865823662c771ed8c0aa264dc41c9563df3fe1572f01b82c41000aa505b799201e9403913975da18b82476f5a45904c47c9851fdde292780895554614d2cca2d88604802815c7bc6003b00523be39ab567215b6218658f7cd518ee2366059b26aebcc8d10da402290860b3c1321605fb6455889db6619b27d864520512c2304e4526f6801c8e2985c7cb6bbf073807af0093fad23931a0552c00fc3f95490cc248c83c134854ee001e9401182eb8611ab03f5c549265906e403d8528611a119eb4acc5d55549c9eb493344c818055e1391f87eb4d76f9412a001ea4b54cb0331393914c96dc8070722980d09f6941b5b605fee9a46823b852ac0971fc5920d3e36d88028e3bd3262a0601f98d02b11a44158abb7ca3a7009a5896384928a777a8a9942ac04372d4db6743b948e4d017d45621e239018fa5556532300c9b107724e7f21572342a48ed51b8f98648245031238d1ba48e5474c0a77965fee1381dcf148898941c75ed4f7766dc146334011abbab0cbb6d1ef9a5999e4957cb76653d73914aa4468571c9ef42385385e0d0032540b905c313f5a6c6aa082540cfae48a9e2b62ee59bbd2cd6e2219cfe340104cc80801b207a0e290f3824865f420d34a1926f551523e0c671c1a0063a07c1dab85ec39a5863791b7a1185fa8a10195081c1a96088852aa4d00303348e73b73e953060131d0fb723f9547183e68c8c0153b2876c9c6450047264c7821f07f1feb5130c47825863b62a6244c082080b4d5f9c8cf02801b0a80809c927d4f15622cf40738f738a62da85208e452a37972e00273d28402be0821989cf60714c844892e30707df24d48d102c4e793da9c802b608e2b444a657b97f326036b100fb0a914f18c0007b0a6cf003296ce2860ca324f151245263269b70009000fc69d6a43ca029ce3dc62a0906f60074352dadb889b703c5202e5c92b82634047f10cf34c954b72a4ab7e348d2164049268918903b62800819d508c824771c531630724a824f7ef4e8d89273c1a6a4e2190900b0a0072a07c0dcc07b53fcb57e373103d73c5383090a95c0cf5a923658c32800934014c34704c0124e4f6c53ee238c12c14bfe1505cc605c13d6a689c4c84120500471c9e71c284451ea3269c55831667460381ce0d4915a47bb2c4823f5a25b6520ed271400e894bc671ce7ea31f8d3563250a80011f4e69226f28150720d491908fc02734015a60194a957207ab74a65babe36a1240f4fff005d4f7008ce71cd10c411739c66801d831a025d013d88cd2a8593070030f4eff98a3c833804f18a746360da474ef480575030183b67b700fe94c8d111b259971d14e4ff004a73025c153926a45881e5b00d302333acd90c8db7d5b9fd29f18458fe5073efc5279aaa4e3914bcc887d28017cc030001934d459239492c4a37f09e94f8e25c29079a2f090a0019c50043776a10065500b7d7151a37968064827b0c549348ea801c82d4428a1b91934012c6db954703db39a8eee012c8a5090075ce69ad92f91c629fb498d883cd0048eca8ab82323af140549d4821c37d0544a0c8801c822a475daa0a9e45003a30d19c6323d33c512a36e5118653dfb8a581c386078a72be01f9b2050056789d24270ac4f7c114f8f23973903b74a1a50d200a490283200db410734f958ae3cb2bf0caaa0f4c826a1908b73bb79c1eddbf2a595cee009e4535d7cc7008e284c6d0c9a61260a32823d0114c488ca84c922b1f61814e78d32401d29e7698c2018cd372158580222918da7d8f1448c9392aca4edf4383fa52084280327029c8406e9926a463225214b2b0c83c0c9269d866604b3073ed814e48407254f269630cb2658f02a9444e437ecccd283f285f5e41a92483e7e24c67bfff005e9f2113720e0523a80b80320550ac450a49048c1a5386e9c934d652d30040607ebcd2b9272d8c6292125d8b1200a9711a63a48a22c728a08fc6a38a50188542aa29fe781918e734e319910e40a682e358aba92c030f7c8c5476e815f72aab13ea2924568d40e952292d861d054c89687b79d6e4c8a91203dc035198cca7cc321727afcb8a93cc32a90738a2362011c014459562321410c4c8a476c8a78944a480ac49ee40a633e7208c8a78017054f26ac4865ae2295b25803ebc54a9700e42b63f13cd34c05f19ce734ffb21e48041acdee527723f3b6bf5233f89a67965a6dc18fbe4ff00f5aa4680b2924100542a844849240a0b4f42765f9f24e40f4a81d8f9994c0faf3fca9e7748848c8cd318371b463d680e6244465c90c0b1f5007f2a8261e5a3310371fa0352a6154924eea8e4507ae493409b2b4644b9de839edd09a9a042642aa8428f5cd3a288798a0f6ab2b88a42719141235311281b94b7b9350dc2349202c038f4ddc7eb4ad82edc1c1a6c91ed0086e4500232188e405507b034d8238c4ac480a4f71cff004a9da61b007519a8a01961c019340092206c9ddbb1edff00d7aaf1a2c59c960befd6b46f2d4019180d54f88c10f8c9a0a488d106094420377e334cbab32c00591813e9d29e25119e3a542d71be5201383414d0c92c9e3c26f9159bd1891f9714e96292340ac0e47724014e481da40d9240a7c818b924ee268331b6d64ea997e41e8011cfe5527945002a8508f7cd4b146cf1820e08a1812a57272682a2b523862659831079fe261ffd7a5bc28eb82a8dee149a6791206e58e0d366778176af7a0b12276b7c907087fba07f5a60915e43b0ba9f5dd81490c83710c3ad295c3607228136c92199831500b8f5191fcea3320129dc5c01e839a961247039a59642ce001f30a0131a635941258a8ed5135b9752a4900f7209a9c2339008c53ae018d001c13421b335a2691b6050517bed39a53671b200ce833edcd5d24840a4727ad4173629b0babe48ea28624f5229ed63822daa7791d09201150a04588ef2c79e993534e51605d832c7ad430db8958e4e7340360b1ee1bb8da7d8e29444083d011ec052c8cd6ecab8c0152363195180680b8c2a23c601423b9e9fd69e0b4c0b29c85ea41e6a08cb33e09c8ab48446490383410d95d9d5865d029fa7269988f0400403d70393c74e78eb8a9d980524e496e955e4dfc2e083d7f0a044b6cdbe0562d3e5b9e25207e545471aee407a1c5140ee5b950c7386248ddfcb8a51845f94609a9278d66908073e9fe7f0a7c508c003922ad3322bc713c80920e6965b37940218e055a6054e578a6bca48c1e055242bea64c96de4dc043ce6ad5b5b33b953ca9a9d6159a70cc318a9cc2cb28d9d0d121956ced4452ba93814b3c6a8adc706ac7925653dcd2dc5b874180491480cd8d417048a76c2b921704d4e6cf6104e41a71c85036d0047696acc3279352c76d898975e2a7b7c919030052b3866c1183400c10a286c2824d406c7e7c9523356a2c9ce47352f94edce071401973d8932e547029b7168e91162bc115a726d8f008eb43209e1d878a56031b4eb5316e62383534326e73c918ed5a115aaac642e09150b69c092c0e09a60571317386e829e652abb50838a46b23b881cd4d6b6cb09258e680121bc2a4718ab2a8b22162c491504b688ec0e70b5622b702304364500340dc08dd8a40a3b93b8d2dc45b15483934862320ce7045003ede40b36d2393573cf214641205545425810306ac80cc991ce2934036e58ce01538c5314245036f2031a4919b70c1c6698ca5989209c0a2c0579675460a012ad53c11200081cd437454a02010453ec650e9ce41152d0d13488a0e40e4567deef70c08e2b5a2815a238e49aab709852303348462636b8201e4d5bb79cb300010054cd648f0123018536d81591536e71401a311511804104d483f799248c2d0b6f9504e38a6b3795c003340080ab3e41c66a40dd40209350a3076c629eb8566550491400f68c719e4d2b4a11871c7ad45e6321e4645121dc09c119a009d5c3838e944d88c003bd476cac3007434f96306419cd052646c8a401c8cd55922d8c403922afec1bb9c0c543711107e55c8a0a23cee4f9b814c4217e65c12295b73704700d4730f2b0b9c034013fda1b19238a45f9d771eb49110368041029f2b846e0649a0045215f924e29d2c8148c679e299f7bb004d0e8428048e39a005643e5127245361da78ce09a69ba006339cd35a704a8503228027567dbb738229597380ec4834f452630c4014eb98849082074a00a73c6c8e029f969a202ecbc9c0a99a32c01048a72438c1c106801c91795820648a93cd58b240c669a4e1800324d09167ad0030e5e41ef53280010739a8a553bc6de02d3c313f788068002c029503934d8536b104e41ed491825ce4f14f48cf98189e050025cb346011d698ac77063d2acb46b26581e2abc7192eca4ee1da8b00f8d5bef6739a7ab120e00cd5532b44e410768a48af086e07069d9812dc233824e4015123971b48248ab3e7348a40504d30c450862319a400912a8ce066a58a32e848c50c80302a720f5a0af96090c726800e508079a73057048e0d46b213202475a95530c49c60d3481b1914479cf534c6411838196353e0364a9c0151cc48e54722869826363c3b00490452c61bcd6cb0c9a47c94c92141a8d1c2923273eb4804b884ac6cc4e5a99013b41c714f6725c64922a5122b3aa8039eb405c7094380bb704542ecdb8283c55b96d87960a9e45411db177049c11405c559141e4038a229f326318069ce8a8d81ce6a274dac0d003eea0dd196524814cb606488649cd4a8c0215271ba99144526eb95a1302765d9102a79a62b8914e3aad173bc81b73f4a89d1d0820103bd5a77132546d8d9c66a48e3767c96c83da8518018f39a4898b311c802a64088ee446ad953cd2c3310c32320d453e1a4217924d49080bc9c9c521969d16464238a64d91903934aa311eeed518725490738a100d66123f3c01406da7e51914ae738c8009eb5244810023040abb117210837924919a7285ddf29248a7c8825048e09a4108b68f72f26863498b1af9672c78351ccea8db572734e6bf8df018608a7ac6b27cc0038a96ca5a0a10ed000029b146c642bdaa77c3202a08229218c8193c1342426cac2311c8548ea691edd5260493cd589a22e411918a63c458e4f6ab115e540b382189c53d4e589ce40a97ecea7249c1350cb94ca800e6a248698d465926ce302a76894e194818eb55ed909392300d589c88d36838dd486206080e4649a4550c7206050803b007a0a914e5b0284033600e31de9edf3215e9ef402a84e0038a6962dc0ef5a0ac8489446d8ce6a56da4903b530c78507351861bf00f0295c1848cb249b3818a16d40c804806962413c848038ab0918400374eb4c491592c8213939cd2aeedfc1e2ac4a06ecf4151ac255bae734058af2297620f4145ba3104678a964872c4034cdc213b4526813024c19006693797edcd4ad974ca8e6a28d4a9248c1a9e51f30f45054e4608a44889c9070451cb0041eb4f7461102a4e69d985892220a9247229d1bb3b118c53212027cdd4d4a0165e0e08a2c0d914e0b6403d2aa4b032e093c1ab52648c03c8eb519264217078a91919dd81838a69263e4f229f31280a80734c98fee4260e4d003525594e3000144c8181c70052c502ac44b0c1a558cba927000a006c04b1181c8a9659300823ad36d50a963834e99564006486a006c3855391bb348a53277014e7902285c91ef50b001b3d41a007cc0381819a58d42805400692352c0e3b52b211ce082680193dc90a49e71542590ca40c923357e6894e09e41aad32aa7dd19a0a52217915320a9e69a8a0e5b1d69cff00bcc02306887f77c376a06e44b6f90ac0b601a633056c8ea29580619148e80c608382682512072c410719a700778c9c5476c377dd04e39a789848cc0fcbb6804ba8f8e6557218938aaf23ef94ee385a78915f3d3150ca81d483d0501715615da4000fa1a610c8c471525a46d2640380b4e951a66c8180b4084b50db88e0669c011231c74ef4428e18e41c53c4abb5958104d034c48640ca4eec9a49c165e4f22a2e118819069de51241ddc9a013630c8c410460542efb4000f26ad3479043118a852c54c849719eb40ae5671b09561c9e94fb7805bc65b24b1e95690abb90ca0e3a542aa5ee1b9200a0a8bd48ee616b8552700d33633aed6c803bd5c79951086a6b2a8843018cd026ca91402162396353ed022c91c53e3549188c7cc452a444c2c38e281155e55e0e07150bdc89dc84e4a8c1fc6acdc59aac049279aa56f6e6dd988e4b71400f111232588268a902b00370393cd1401a93431a1250f6045116614071c9a8a204c8073f29fc2a6b842f22853f28abb58ccaecaf1b93bb834ff2bcc1839c9a7c8a010319a55524e07515498581e150802f24d3d1bc9010f24f7a745114f989c9149bf2ec4804516b89bb032147dd9ebcd0c085dd8c8a52378dc0134864049527834589731808c9279a38914800034e5453900e08a7c71a8cf7229149891fee500c75a49a3575c8fbd4fc6ef7a0b1438db9cd032baef8f00006af2e443b98601a86072252197e53534f2ae15491b680b95de2dfc93c0a55b7200c1eb5282b9208c0a7a26ec9c7140158c06342413cd46633321c718ef5702891ca11d6986060f850481401516458485c648a73451bc65c7068bab52240476a6340eac07553401661b5468f2dc834f312a28c1c0a8ede532055ce00a91c665001e2801ad0ac8091818a6a440f4ea69f3c24bf07000a00289c0e45002c49e5b056e734e966113050319a8d18c6fb89c934e981660e4640a008a56226c10403525b9322907902993485e50a4722a541b470306802368006248040a8b6ec048000356490c0a93f31a6347b47cd49a024b460307079aa578cff006820020135783b1c2a803dea94c8fe731209f7a968088a0240276fad3c022401573ef528b5fb4c2376148a961b391301482a3bd200f359133934d50739249cd3e6011803d053372be4a649a403ca2a0ca9249a921500827a9eb4d54036e7a9a7725f814c01f6a962002454266df93b704d4cb8dc41ce0d3080243b79cd201d09200e30053c4c19b8192291142c641ef490280c54724d30239f266c8c906ac2af991800818a836959083d6acdbaf971f2796a0b5b159e0c48429c8a8a780dc06c7256a79d8ab1c7534d8d097214f1de819945da098024e335a36b8962ce064556d46d0ae4a8cd36c2f8aa146e09e280253305908240c74a5b866183d0629d75681a10c073eb55924764c119c5000b0195323a8a6a1303007926a58dc9c01c034cbbb46dc194e2802e85631800f069ccfb54293806a9c176c8003ce29f14a6690e4e31401751549006314c955b710b8c0a8e472170a719a44764041392680274c04dc48cd4626218923a542ecddb3914ec11112d9c9a00922904f93d0d3492d2103048a861628e4738a9e02bbb38340122028b820126954322e4e714f520b804548d82854719a0085f0f16141c9a6a46625c827352c6a5783d29c7049c72680239215922c91906ab2c0a49c0c1157e01e6640181556e10c33120e05004b66060e71914e6064ca8c60556b6b9dc48c1193d6ad5b46724e4e0d026c895882ca14907bd0a59148209a97775c03c51315d808a05cc460ac8300722ac2c40a8e6a08d46cdc060d3d0907269a65343da2f909518c540a1b2c18d5a8491c9008a8a50188638029b90ac5662198c6c39ed4854444138e6ad322090c87922a07db71927200352d8c8a791739151c3b8cc086383493c4154f20e2a180b31e0938a00d2f38a1017934c172448c587078a679a235190726963f99490473400ec02e0a9e4d486262406a89632a81c76ab2f302809c1228022318c9ce78a7a90109500511a8756e41cd459c640e82802757dca477f5a2362f90dce2ab9720839a9619c20008c64d0983449b8b123a014d56c231e735230cc7c01cd423209c0c9a1b04881559a42c4118ab38db10e849a8f0c40c83d6a4954b2000e31400f43ba3da48a48e32aa540eb4479857079cd22ceecc4628417065ec79a54c06009c0a72479c93d691c076e4015a2121fb97040029cc15c800f5a14a2ae338149e6a6c3b4e4d008ab7f69b4ef5e952d8ca0a8e3814b242f2a2aff0009a7ac0b1103a8c5663275008246314e82401882322a0858f9db79db567e404e73551135a8c9c819007155fccc921b000a9e5394381906ab3c7bf820e4553127a8dbe6dd1854ea2a08226e0b139cd4e325880080bdea38959dce785359dca1e5047c96f9692652ea08ce0548f1ae073d6800edda7a1a00830ca41ce41a9146064649348540273920538b1da0002a9444d88f93c0ebeb4027b72452839001ea69d1c056424926a82e26f38231d69be50446c1e4d48c8778e38a6dc82080011409b22b695e090fcbc558f3f7e09e4d3220761ce334a542a91c0cd0348719c1600e0834f68b2376718aac213904124d5a07f7415b820502b1010cc49046291e2ddc8e49a91a3cc276939151c02476c104501a0d5b86872a41029e4178c11c1353cd681d471cf7a688ca0c1190280435622b0920648a740fb970460d4d14aaabb718069aa14b6e0320d00461464e477a0a313907814f90162368e9423ec383d68122310b1e401cd37cbd8e4b0208e953976c8206282a64272002292455caa5096663900d3234f31dba6074ab13a3f18000a8150c24b1c9cd268772336cc4925b20539e3011493d3b54e48c83c806a2b80af8c645480f49c28019405a7048e47dc01aaed2a9daa464e69ef235b9014714201f2c0a012549aae62ea782054cb39930180c1a65cb10c02f028004529096e4014c2ed22e17914f321f276919069209d53e50a31400d197500a8c8a8a4b4c375eb564302e401834080b312c4014ac348cf89156521b93da89adc673927353496e0ca4019229de40030698d4595562dc3046314db8b72a015391564ab3b81d852c9b55803c1a04d588eda131a92339a698f712587353c806c1b1b1eb492e15949c50172b052558630451e56d451d73522c6d30655ea6a46b3f2900dd9614088dd844a020c134c6988703048ef4f8a1694904e48a7ac422fbc01cd00299cbae157000aaf2b633c82454ee481b54601aaca82398870406a130123613b12319ef4f908839c12689adc46418c800f5a941408412189a00afb9b6972700d40b31f3090339e2ac5da9042819535118ca4790381401342ac919720139a8249d577923029f0b1c64938a6dc42a53af5a068815cdca7cb9ab71c65a201b922aaa4811b03802add8cfc93827140343a2882a16270d505cce2289b0c03354b77720a0da84366ab4f6ab2c60b1393da8023170d2db65b9c5258c40bb3e72051b52341183cd362616e5f71c2e3fad022492e519c9257279a2aace913c848902838e3f0a28034d24319757c03c73ebc54a97046015eb549b3e7a9624ab1e7daade4300720815bd8cc7bc83782b924d01cc449c658d2799184054e5853e09fcdce5471484c8e498a8dc7233d45359818f2a48cd48616f3097fba695e0023e84034d221cc4b0be60aca4647ad35d59a50e3a52458524018a9233bb8240349a22e2a8c8218e0d2c795381cd48a807272734f8ca924051c54b434c58a1010b13cfa521cf3e9471b8e411503c8cd2617200ef40db2c23898ecce08a6cd1a993a838a741186e4e01fca8302b310a7340263e222439208c53c7ca719201a6ec281463229d2b072000001417107c2107142b8519208269c543a16c8e290e245f5340db239a1f3b95e33505c2342b820926ae4609e3a014b72aaea09c1c503be866146085802314eb7bb3b802a49ad078925b7ca8001aaa6001c103005042904c1b3b80e297cc2c9f371523a911e31906991a195482b903a505dc8d417e9c81524929da01e00a5f2ca0000eb49280000c39340b988e67f2c062001fad3ad6e04a091924531a30d9dc490288762a929c30a05cc4cea41047534862323024900534393c93cd496ea7233de82906581c7414992ac01c1a9266dca4018c546aa3827bd0031ced623048a9ed99b242e40a616556381923bd2c0ec8843630d52d009341b812c40a20b7588103249ef492c522a6f041514fb2983677803152d00ab195625b9c53b255b240c50f2fce703814dc79878ce0d002b03b8900115000c18f1d6acdbc61dc8c900548c89131ce08140ee57032b820d208db7003391539963e08eb4d9252cd95200a043046589c9c1a64a245c6490a2a5049e48208ef48519f92720d05290a000a0e324d465589240209a951080075029fc050482280722bdc41f2e5b1d2b3278162258820d6ccb1f9e01e98aad7363e795c75140d32b5b4b24d6e411c0a058b4e320edc5589adcdb205504eea7c000808390d40d94e0b17170413902a6b8b728b8077134bbde1dcc7240ef5125f932800649a01114f6442020e29880a1041e475a75e5d159b69ce0d33cd048420e4d004cd3952327229eb2acbc8ed51bc7f201d69224f9b1d00a00b501dc7040229f72994240a4b66f940038a9668c15c827140145377980b0c03564958b0077a7cd003128ea6922b709f7bbd003c618eecf269f1c65f904d471212c40208353db610edcf342015d46d00d3040c99c720d48ce779c8e0535eec02318c55b5a1371d6ea4ab02083556e50eec13906afc128910804026abdd5b9de3041a81f31516358c71ce2ad43231518a416a06411834e84a2e771c15a695c4d879cc15815a663e424838a2e2e954e474a75b5daba805726934489036e042e78a73a9420119cd4a003928bb69bcb75041140d31ecdb6100819155e4662b93d052485cb139c014f2bba2248e0d052646b206523ad3654fdd614104d491464678c834e2abbb07b50c398a1716db369249a40c2200aaf35a1e4aca724038a8e589548200e280e628b4acee32a6a55e9800e4d5828a7048c52ed5521f07228b87315cbb0f94e411520249030734d74370e32718348d21b7980ea318a06588a2f218b13c3524a8130c01cd0b31c8dc7af34f6621727040a008d59643965c62924512b82a08029cd960081c1a54427a7005004b93b40279ed481460f1c8a8e372ec401922a54f97a83400d5248391d29db405cf526992bec7054f069e7fd51c639a008991c3e73c1a432b07da38348c5811b8938a25ea33d48a0055ba3c8ee6a50a4283d4d36d10331caf02ace54b61474a2e042cc0a9047351920647dd26ac3c60cdd083514b1b798063345c07a97116723228563c12324d4a9102464e6a66442000704d36f40208d8af24631d2a4594ba9c8029a728bf74914b1e5874c6695c06cb38550b8348480b9fe2353344bb0161cd40d86270700534c2c072d92a0802a100ed3ce09e952199836d1515c3e48032a68482e0599997da9e03293b8f15188dd17a834fc314c9049a14585c080dc019269e9195001e453216dac0e31528cf271d6a95c4d90cb1169548c8c55addf280064d45bf6f2dd0535ae028ca9c034c1136d09f78f5a59115a22491c54711132fcc7a5326704edce01a4810d8640642bda9d2424b673c0a8d631131032684b8e707822985c906179e94f49033824640a84399393c01521708808ef409b2c16545c8c60d46650082a338a81959b9c920d4d1300a411c0a02c486628436090682fbdb200c1a85270e4a93c1a90808bf2924f7a04981c4c4ae429a740873b49c544242d903a8a73b1c6e048228193a9119202e454782f37a1a58dc6c049c134913ef761c6450090f0e55b9191504eff30db906a7c954e7049a8031f30e464500381574c138350cee010a306ac08c0f980041a89a150770e33400c601940039142aae40638a7aa05703279a24843e4e47cb52d21a65668d7cf1819a9a550cd863814c0c9182c082451e7898018e4d288d8d65193b4e6a19b2a304e09ef524a863fbb924d412c6dd58926900e19c6339a14152454b0aaaa824e4d4ad0a95dc00e281a44022672092540a7c37080156248145dce12dc81c1aa315ca6cdbc12682922c9b94594a81c1ef43b0dd819aaab7219c8c702ad8937c630304d03b90c8cc8738e29848ba63d8d3ee63631f0d9cd25ba2a465bb8a086c8d50c608eb4e652eb96070280c5c920600a742de71201ce6810db4631138e9eb52392e0ed24934c45d8c571d2a48885049c834010a2bc0083804d4d13868c64038a49c09540ce734d4430e3192a6801934e7ccf947029254fb4c4011822a43e5b679e4d241315601b1b450042a85460f2451e41232a3a548487b924e76d4a1d62723008a00af365570706a16ced3c66a5b90c642541229bbbcac64139a004864548829009344b0f98b903149228e18039a0cdce72462801d6f669c92012297cbf25b03000a419505b24014f5947752d9a02ecaf70c5a41b78cd3bc92086c7029d3441f0c38341dc0053920d0055b8440e5f0491556661332820ec1c35684d6d999546707ad4775691db48173f7fa5036c82e34ab79a6662e4668ad083c968549c138a28111ac20bbb00086f9be94a2dc85247353968a265da72ad807db03ff00af4f922e372e0035b23172218e008a4e3934be6884e0ae734fc1618ce08eb49708438c0c814d09cc95f3e5063827d28660f100405cd3523ca8666cd24e72e083902833b8ec200140c9a5921048e4034898f30311c53dca119e4e693062171101c647ad3908618cf2680c924614e38a24011815193402571e4045c7071513a16e401f4a78cae491934dc846ca919ef49a1b8b4212481b720d490c7b5b3de8947c991c668521630493934242b926776413d29b2677800640a4ddc8239a922c804e339a6d68352b0f8a3c927070696484a64a8005114a4e140e69d2cad1af3cd0d0395c815db907835246540c1e41a83cc667076f06a456c37229243522591760000f94d1e52c98ce4014e85d5b009c814d7c8947f769b425dc250a0e14824536121148200269934a239828ef5398708180c922a4d53b90156393d8d32680cb8c1c62ac053dc529f978000cd066ca4d0985092371345bc2a5c920827b55860203823209a3218e4100d00c8160dd3127200a966610c2482188a1818810d939a548c3c7c0eb402910a319319e33da893721c11c530c0f1ca5d58903b548666940047228344ee2aaf96a0e412d4b230ca82064d32588a48ac0e6a57cb00d8c914ac3076372c1012a05477100055431e3ad4b0b86949380453c421b713d0d30238e30700b6054cf1f94b90322a1760f845e31524607965598f145806c721eaa704d215322fcc48a7ac223190d9cd2487621c72734ac031a11110324934e098031c1a6c6cc5c1eb8a9a301df23a0a1a008db7e4300052b2a90003d29a6269e50a3802a6f284200ce48acc088125085e08a0a968fe61c8a7104b1e36834f8e30cbc93814c058610d09ce722ab190c7290074ab025f2f2403c544e9e61c8e09a0698d69c483247229bc0cb0c02297ca27800826a1937862a3bd0d9688a5bc59dca0038eb50b5b8761b410453c5898a427924d4e4f6507340104368270772f22a396d766594723a55e6ca2820104d35ca96008c0a00a76e8e7258629d1a1964208c0156a60028008a65b801c963c9a0075bc6cce029c01c54b7d20b78c01ce7ad119d9267000a6dc29954f1953405c44632419507153a20960c30e4d436c447185078a954e5f07a1a02e30836e9b0006a489b0001d691c2ab609ce694260e01e9de844b90aca579ea0d37eceb83819279a71f978ce45237504123156491aa30242e41a7c41b728639c527da0c4e723ad092ee9491c03d6a795812dda147520e41a8c85925c6303bd2ca4ef183b81a15c46a43601354900c9ad9320b1cad0aeb0380a322a499a29140ce0d35a28d36b67245302c292c0100818a307b8e0d1bb30f148b21c053ce6a248080a18e4258e453f6b4b82a06d34b3ed66c76a6abf938504e0d21a62a63240ed48f0e467b9a478c0e549152236f4c771408863dcae460914e1117ea3a548232a08c6680ec5c8030050035e1cc7820902a30be60db8c28a99e60a0e392699110ac403c9a008e4b554239c13513da1da481bb1565cabb90402688e5585c8c120d0526548b72825874ab28a1e204b0c9a65e7eece71906a2490c981822828b1905368e4d28180307a5341f28120669048a41606800418240e29c848241c906a32e4a924e0134e8eec37cb8e940224f25244c0392291be55da29d85c7ca704f5a8e798640ef40048c0ed18e69043be4049e952a2165c719a411923a64d0011f5c038cd4a90143c9e4d451212c49e00a99417901c8205003cfc8012092299bcc84b638a9666da87a5315418f03bd00323277e579a9a5c165dbcb8a898089010706a48665439c82d409b1f2ca3601801875a648eaab8cf26a2965593254fcc6a211bb3004e3340d123cc59b192714a42019cf26a2981460141240eb4d04c849e805005848d48c9c1a46854e4b0c114cb75779001d2ac184a9271934d30b14dae0452104120d4f1b8033c60d4171b8b60af5a6b33a0da4102aafd80b72440e08ea69c84023239a896702304738142cbe663be6825a1d3e1fb702abbc614640c83569c7000e699838c01c5315c6db6df2c8276d24b0aba8209201a536c241807ad2ac22d9769249a0115e4dd1499e40a864dd2c9b94706aecea278c01c01d6a05558c85539140ee280638738ce696324a024f3e9533206418182291600f20c9008a04c7a2829d8015148c43119e0d4b1958b72b1c9ed504b1932839c0a063ede2080920906a62005ce0814d8d18e17b0a79fee839cd00c102e32a003480019624034ac141500f4a19048b9070450084da64c91c62a4501141c00688a3054fcd822a39c84c739cd0091289323040e6abcd95623a0a95490a0939c5472e646c93814058740edb08208c5298ff0076c49c934e5ff56083f851bcbc67823b50043165549246694e1626cf24d2ac432413c53384dc0f2454c98e254057cec01c1ab70c291ae472d5136c9b05461853a056572c4e714a2321937f9a4e71ed51de39e300e4d3e69cac9923269d190e4b1196148086dc1200724126ac484875553f20eb51bc66460e4600348653f7718cd034c75e32cd1b2a60902b3122f3186d18c75ad58a1587240ceeaa85409ca81d6810eb6b40c0820034f30bab8001c1a7c7192bc9c1a49e578c0c741400c9c1887cc32698b19d848190d52c8e664c900e28b662415000a008d6d888c9ec6a28a316ec403826b44aa88800066a9dfa2a00d839a0060908704e0d2b92dd4e053224f33a03c54db449856e08a00688d41182726992b100f3906adc90295054722abdcc2ca85941c8a006ac0bb01c904d31e0292803a1a7db4bb7697e3daa47219cb93c0a006ee589594e0934c560d9278269824133920608a91a33807814011dd485178c60d57594b3608c8153480b1c13c53440b824134006f0fc81f281553509cb20550430abc8c215002e41a6cd1230dc400d401169dba684ab9e6aca008a411c0a8b4f6018e400a6ac4aea000bd0d0034209949000c53002a5b2338a7a3ed2141eb522c5bb27a500416f82ccc466aa5e6c9e6c92405040ab7266263c66aa487cdb8036f51400b1e225da549c127a7bd1561f7331214628a0064044511665ce7f4eb5325de4e0ae00e94c2b950586320647e352fc8c33dc56c8e46c780b20ce402698491c0e40a72004023a8a15be620e00a760b11bee5e31c50bb80cf041a92420a118c8269b1a953823af4a007a9d9804706a758d0a1181cd430e5e4248ce2ac6c206450902453f21ade5c9e54d4bb4ee0c391d2a498b4898201c54714855482738a2c084d84720939a6f9615c13d454c001838e0d2055c302724d0c6e40c8d20183c0a1f010038dc288cec217ae69e908472c718345c42345884107269aacec01c118a6492b0908504a9a9d1c6c00f24516026560ab9c0dc687901078dd5147ba624838029e88029248c5260d8c75691320608a7202230ac324d1e6fc9c0e2a48d418012d934204361c27208c1a9427ca4e6a210ab03c918a5494ae548e077a6c110dc90ec085c115651ca4009c91dea2b88f2c0af20d316e8b0f2f079a82e322c09979c1c9348a04a4fa8a6248b18c0192292390ac84e3ad02b048c0b904f22a3d815c1c938a9842aec4e464d432031b103140343a5cb8c0e48a4f2d91460f5a6c0773b12695ae813b00391402436550a4f3d699037952f2339a1b7275e734cf2d9e40d9c0140d3b1618804923ad4b0cc86220819a859d4903b0a48d4f9a48c60d0683a5882820719ef4df31d54724814e95d4380d902a48c0da724628021543b4b01c9a5593683c124d0cc1413bb02a54650a1fad00321cf987703814f9640e005078a7c3209324ae452801b240e9401198c04054e5aa485182648c134d24e7382292691820c123340132939049008a459f74b822a1e4a8c93cd4e8163c1c0245271009637948e8282fb46dc608a37b33646062964237e08049a80209ae042b93c93424a24c1191528b25914f5273408bc9230062801be6043923a5452b82e4e39352c989480411f4a64d00dc09270281dc45405012326811796ccc4735288c84040c8a52db948ea4d034c8148700b0e0542db5a620f7ab06324119c0aaf244524c8390281b60f082e0904014f8e205c1c0269f1fefa319e08a0e63e3bd02e61eb866c004014d92212295538c53a39b8db8c5209161623924d052234b42001926a548412403cd35262af82720d4e89b5f7600341326445554052773538a6d4c11826926cc6e580c934c9aef62ae41cd04879815c02324d38b282702a34c4877739a568b1960720d524c06c8c1f231c531159460702a6882b020f5149363200e0fa536c08fe6c8ed8a94a09540241c545b8e40ea69e17611804834c03ec6b30c6483522c290aed66ce290398ce4735135a4d76c581017eb480b113ef0c0741485c038c722990b9b7c2be4629cc4393b41e69b40228323e47068681918b939c52c988a3041248a58a4332953c0349a018fba600018cd48b1f978e0d214318c822842cfc31c0350d012ab0619073439f9941181de996f847e848a75e3029c1c66900c9155549ee6a190918da324d3e55fdd804e48a916226200f04d302b790f90c720558483119248269439da2320b114142a0924f1da8018e0051b867151b01918181566d82cbcb0c7d6a395079841e05171dc6241e672090b4a22455c0e714e284038e00a4405800050098c9edc4d0e541c8a8ecedca382c4806ad21da983900d4890a491e06491415cc356250c79e2a09a02cf9ce055c440cb81d05453c054649c8a06470b1dc464e2a40d8523bd47b0a8c83814e889607939a007a82623c7352420228c8e4d469280dc9c81522c81f3b45003a40ac39e4d43bbcb6e2a52876e08eb51187631392450030e5df9e41eb434417a64d06658b7103245576d40a382c0804d04b7a9620882b82a3268b9976923182688665dd95239ab3e52b6199726828a6b2b3632a7145c26d1953c9a9ee7010b01b40aad2333c408e08a007e9d7251ca92322ad06321c86c565c598a604e326afc2c5b07b1a04a43a44f30939008aaf70ae402cb902ac26793daa52cac814e3269c771b29470923d01a742522b800739a578cac87049514a918539c0245592d935ce10028724d315f90a475a9238c7de2318ed50bfccf95c0228247891626000e4d3a5025190bc9151040ce0b1c9a734a51f18c6680204cc65810726a48edd77648e4d3dd41914e38a7ba05c1070281dc6a6150e4648a85482c4904134b24a0b641a5e1c8208a01b1b20191ce4d2c876919e01ef44c8703072680864f979c5021e240a70a7753d06e4240208a4b7b41103b464f7cd2cd2ec520632681dc85d998ae0e0835692d8ba0238354ed5c894062306b4d58c601e00340d10884229c939351188104139c74abb08599f6f6a8e485639181e01e940229ef28c38a5914960c32453ae00e4741eb4911000049228042c6e37103a0a9067193800d46a023ee03e534fdde73e00e0500863a80c31d0d2bc1952477a4932b924014b1485908c1c8a4d5c68acf644124700f5a23824563b4822ac96c0c1e334d2c110e09cd2b34172a4d8590065ebde9ad6ec87e43906ad61643962314a0049060706a465786531e15c7029de4895b23bd3afad18b820839a220218c8246ea006792cac412462ab4906d94b1ce0559121c9c824d36762c303a9a004b450c33c8152dd44b3642f4151da2ee1b49c115642840db7268028aa14603048a531959303200a9c60c84938cd0630c49e0668022b70d24b8238a7dda2796410091491398e628b8e69f7709f2739c9340198c1d250c8781daa686ed64c1653b85017e4240c76a6f95e48c9ef401623b939391c52bddaa801ba1a8972541c609a923b757c963922802298ab6194838ed4e970c831d4d06256395e0d3d601230c3608a00a52e62e839356110ba06278a1d555d830249a5c089400dd7b50040e71267190280c01242f02a77803af071507032a074a007c3b643820002a2be5465ca9e94887e6c73c545310720e4126801d6ea3c92149e2a68641b70464d16712c28771c834ae55a5c2e0628012100b9241069eccc83a641a418200539c1a1e52e40c63140d11caf9ce304d46898719386278a9b2307039151005a45739e2810b2dc98a4640c3e5e28a7b5ba390c719239a2801ec824550739149b0463382715210a81b9195ebf950732460a1c815ba47211b120020119a6c997c72054a1c3a952406a85519a4da7a500d122e0803ad2c4d87258124546a8558f5e2805c3138e4d0985cb51cca338c0341b8eb9e82a145e87a13484b799b718145c2e4a2e4152292323cdc01c1a5fb31e0e2a492338017193400d39121e9b6970396239142c2554963c8a6bcc40200271405c5c02413d4d0c33900920d32324824f4a9170ca0818228013cbd991939a706f90f143cabb3e6c834c170bc0c1c1a1a01e8be528e480682a46013853492a798aa01e050ec2453d78a560b04919c850700d5a890451f3824556de360ce4114f790be028273400f2de6658718a614ca12a49269572bc10466a4040e00e0d1760314958c06aaecb9624641ab5b0367736714d62aaa768048a4d004236a65bad35a52ac4a81cd0640400c32454cb1ac910207342434c4480e03038cd366b7190724934f58d8f19c0a70942395396a40995d211c9c90452450aefdc47356582b00c07d691e2565c8e08a06882e1074030298212cb9cf5a9091229523e614c59040c55883ed40311a20a33c1c52c60f5e466a6644dbb89fbd4c257691ce45034c8ae622cc39c669f1c4cd8193803ad35373ce01048156986cfba411416995fca51c37229f95518078f4a190efcb1001a501154e39a06384c400aa010691a62a06320d3158ef0c3205123000e4124d00395cb91db151dd3321040c8a23277f39c532e2377906090a2801cb2970095c55889d7006724d56019870785a746590eeeb8a00b062f9c61b00f6a94261b71e48a855c3e189248a16e8bb11e9512404865652481c1a4662149cf069ea47393c9a8a521471c914802324a9200a1d0b005a95721430c60d206f5e45003a363c818028d854b1f5a3cb2af9049535298cb723149015d93317049355a6ca212474ab28089080722965844c704e00a7729bd082d496404020d28cf9a031c54e42c40a82071daa2560f280dc628247950d93800d43b4f9a01008356770c900648a46552e0fa75a02e35446188032450b297c800e687088491d69a1b00b0ea7a500c900000c9c9a86e9577723352c911281875a232ae02b004d0808b680a3683cd3b385c1ce4d582817000c0351dc405a3c02322b440578d7639e734fda18b30e48a204cc6d9c6450b1945241c934ac046b8e4e334be670067914aaadc0c600a6c9112d9e84530239598e70481535bbf97091b89cd45b5a4cf63443112dd4e05004eac24605c600a9559045951922a008656da4600a7ed3090339cd004920050601c9a670bb401cd3d9cb614679a4c88c0c8c9145c06ac465908c9c0a065548cf4a7ab8562cbd6a366df2824601a86c0787ca01d0d34c7bb209268040240ed480966ce722900f8a35192c7814bbbcc1807914d69067919a746ebce0631400b6f28c1e3e614f54fef672d50c4b96660318a99242f193b791d28011d44780bc9155ae660d200460d593f7724e09aab25aef937e4922920275406304120d3997cb4c8ea6857290e7ae291d8c80102980c24edc6383446e506d5249352f97c838cd472a9dc080052b813c636310460d4970c3ca041048eb55fcc2700e69c40d8467229a634c85d77f00e14d2a020617814ae9851e829619013803ad0588b003927ad3eda531ee180734e946140c8e6a25530b1ea45005869ba03c134db871b704e2a2f30bb02460d48e81c80dd4d0055961c7ce0609a79891e31919352c80b1da00c0a70b5e30081412f720b680230c0c8a9d2e774bb7a0143fee94118245451a87949030c6829326be75f2954738eb508426224639e9534d6e0c7c7dea861057218124508088da7259b3934f8490a14e69eced82319028d8c704800557310d13a001081cd35e0253703c9a703b4281de9cd984803241aa1ad8aab13e08ce49a09311018815234cde60038a65c2098800f39a091c923230ee29d7718f2f2806e35133189d54720d4e036d05b0450043142f19048c934e9392030c1ab11ce99c114c963121c83c8a0089612c40270054d75875555201a8d490ddcd3b69ebc906802bceab191ea68488b824122a66b6dc371e94b0c6a5b19e94011a29048241229d0058e4258f5a733279849e0d2f90247073c1a00984a30400306a296d44aa586462ac431200464f34e650010a334931d8cd7856320e39157a03e6a85e481503c44487774ab360ca8d93c0a60993db42371201c8a6dc461c1623a55a824064c28183514ff0033b282326828cb9e3ca31cf5a850118c9c0a9ef6378ce31c1a632862318e281581092e0104a8a9e3215bb034d04aae4018c509923247269363488aeb73b1c648a679810819391561e32470319a416431919c8a5cc162bc92339000e453242370c920d680b61e4e40193559ed954924668720488038c9f97a74a96de512677003148220ca49c536088897249c54b6327980940c1208a89ad01c6e3cd4865c6540c8a4dc41e680229018db0066aa33b2b966c8ad19b6f979ef55ee1527b62bc06a00af0a190165356d4148b8c9aad047f655c1279ab704ea508618a0080205f998f5a78c1231920525c80f8da3814c8a611b61b205003cc41a60c06314eb972b090066953e770c0e052cb0efc82dc1a00a36b921b38c9a90da99b39c8c54905ba5b03b81269d35caed0a14826802ab8da368e48a230c5413c134410b4b2300c41a9446c9f291934010de642e5466991cac140c806a665f2db919cd33ecc5f273cd0034bab9f9bef0ef48ea1802493503b7ef366071534380304e48a0018b463079149b72c001c9a9d5379c9231514918562d9e95326c043018e6ce38ef54efc6e6053922afc531932081822a25b5084b01906a6e348a70c8fb802722ad109b88ef4d316dcb2ae49a744be672c318aa498342ec55e413c53a3036e4e01a5508ac43106a0ba90e70bc28aa04384a913107926962fdec9c743d2a1640aa589c834b6d70508201e33414f627daeb80a3205149b8750d8cf345040f98aae491904015189cc59da320d48f1b792bc0201e3f2a8e381df0429c1ad53391b22900f303e4e7d2a447f3a4c124014e36c41c81922a54dbb3217e61540980b66dc0f6a7341f301d48a98a3320ed4d913cbc163cd24040410c73d4532262f7001c8e6a568c919e99a7228561c024d090165b180073514a081f2f06a45c96001c1a49a32b28c1c8a02c471333e770c0a70655380bc1ef4e90107008a44566ce78228f40b0c3b5c118c014c2cc8d90322a7da2342580c8aaeac19c1cfcb4204473927048001a230af20e012296fc6ec60e00a6d9212fb81e453044eee1781d4d0184609c72695d0021c8e45128f34038c52b80c6424827a9a99004c1e49a691e546371c9a72b98d0b1143064992c0f008a150b9233822a385ccad9c900f6ab0b18c1c9c134c061b65c609e6a0681d1b20f19ab4ca00c13c8a89833020f414200588372464d3d8146247029b132c79c9e4d233f98090739a130163669189ce053d2454739ea6990b6d1861814fd8acdb872454b408594e3d81a8da6009c0e0f4a75c3967550323bd3040c149238149a2932379762138c9aaac8c7e7273df15761b6dcc413c7a53df4e57618c006815ae4480bc0081914f8a3578f9e1aa48e2f24ed2460530c83cc200c0a06991ba6c6c039a9238ca9c92483513487cf200e0f7a915caa0039a06985c60e3249150ba15e8720d5af28bae4806a0e18903208a0d0746a55403c0a9028e0119a235e002734a22292000e734009e4608246315318c321c2f069ff00290770cd4524ec8400702802bcb1f90f8ec68c29c819c9a7ce8d213dcd451c4c73838c500113b29208e2a68906338c1a8636f2ce082493536fc601240353201dd4919e9418f20e4d182a78c9a4958e300f22a407ac3ce01e053d62cb6dc511025070322a5524720734201aca08200c62a247620803a54b3124120706a31855c81cd0031a13b4b0e0d46e59c60039a9416627b8a3614cb119a00acaa5796e7152c71ac832073429dd927029ab94724b00a280255876a93d09a60e4e338c53a298be01c81eb44b103ca9c934021870c08c64d2a64000a8a571800803229554b72c40c5003812ca412302a35c467241a97e4642460915019170771c1a00b22701391c546fd0b0248a62c9e62e064814c776da001807ad34c074699c724669fb48f5c8a72a794a0919cd0d9273d01ab4044819d8e05020dc4e41e2a58f00f706a46da719e949b6057302a9241c0c54464daf8032055b9946dc8e40aaf0c4657271c5080239064127914e2bb80620735118ff007d8c818ab263c00073de98112c9b339032295ae1197240dd4340436e3d3d2a1900cf0293405884f048039a8e507800609a7c2768e4d24c8242082462a006c5190c3760e6a528bd0714a8a1714a10ab74241a2e046106fda07269a50f381c8a254324c0825714a66001c726801236640477353dbbb28391906a15e106475a96df76e00f22801d3a09141ce2ab4adb46075357244570066a09234933820114ae0245f7002734b1bec7048f96904676820735211ba3038fad3015981c90464f4a86057321dc4902a458f71183c0a463e4b924f1400f03209c66990b157248241a7da4ea58e4f14f9584ec429000a00ad2b976c004548856307819351dcee5242743de881cb26186585034c7365c8233cd3998a8008c9a58206c9209229e502c993820d05730d58959476344a49209078a186e71b720d4c3ee80c391409c84861310058706965424961c03532b17c291f2d2cc02c600008a092885392a482697c930b02472692446f3720d4ab31c10d80680b91fdac062bb704522cc37fcc300d2b6d7624609146d078239a07707cc870053d711ae18669615fde05f4a59b05c28e450857237915c80a7069c5d9d7079229b2db721d09a58895c83c66b41dc0c62439c018a81ba90b92c2ac6ed8fb7279a48942c84e01cd022058d9e505f802ac44c08da4e40a180970460e0d46c8c0e1473400e74224f94702959582920e0d2ed915400334c72c7a903da801a84aa9624f34e698f05718a8e42cea554629a9b82f3ce28025fb4990e0039152a028819949cd558650929ec6ae4573ba3c1c1a00865877b020119a991024601c9a64926c5393cf6a9227063c91d693403e38f7723ad3e356918018e29b1039caf414fc88d490704d0905c82f0f94e1460934f8d46d041c91503c6ef212c7926a7585a34dca339a6059c14505739147fad72c4104d246e5c0dd9141624ed038340ee335188188601fad662651b81915b7e56f80861dab26e5363950306810799b801cd123950063ad350041939e29fb87271902a645c450c7681c922a55970982726990e0c6481934dc00724e09a9192b4ac23c01c5562ec49c8a9e49484000e6a16c85f5cd00c6b6020c0a52df3003a5319995704641a6f984f18ce2801f2ee0bc73446ee40c80298a189273814e703180c326801b2c84839e86a3da08cf422a4da42e08cd35db11f4008a00455123648e168604fcc0100d316e0ccc02a900d5858c22104f34011b9f2c03d45433a99594a8c7b54fc739008149b496f9700d004b6b28440ac314dbcc2aee068688a01b8804d3d2d9590063926802b25c33e7200514f7984aa02a8c8145c40aadb011834f89444a4e092280120b460a1f001a4b9565604741de9f6b3b4ce55895069f3c050804f14302a5c2b0c11ce69ae4a2818eb534e87200e714c7fde1da00045009995a8b884960324d3f4fb8578ce4e5bb54ba959f072b91546381a39015242f7a4c0d162cd1900e0d450ab1041cb0152c6bbe21ce33415c64679343403a0da07cdd6a464de876b7ca6ab3b14c0c0269c2460a31c8352d008736edce08a04c8e08039aa8d78df68657191599aef88069f116c8523a555ecb50d4d298869080c011ef490b1911812315e3fa87c7110ebf240581da71d6badf0a7c478754c00e093ef59fb41bd0ec8b08d0e096c53ade73bc1c01b79aa4ba8c770a59587353daccad3a29e8dc5691771b9173cc55c020668a0dcc449c8391c74a2992682a88e31bb9c018fca84fdc938e41a2684a60f2405ff000a8d66e460f03b56d7671dc98af1903ad446d8c60b11826a78e41221c641151b33c8183700503b0ad724c60118a6348b26411c8a916306200e030e94a6dce06703142422b901d401938a923c06c01d69f0a2ab107802a46841604639a761d88df1126ee726858fce88b020e6a592dc7964920e7a5578e368782c7068062a1dca4b0395a74659b24f414f8a45705429c8a55b738c0233e945c0697138dac700d356cd23e031c9a57859092c319a884bb5b9e314360c4bb80052a0824d476d6e5010320d498dc598126a648c9552452008e225464120524837602a90054adbb200e00a6ac806e19e684042e858e0e69eaa3183c8a92250e082324d23405580209269858647012dc0c53df31b0272054c8bb3201e4521f9882c3345c121acc18003049a6ca555319f9bd2a6fb32a1dc1b04f6a89e1134c083c8eb46a0d11f961d867834f1661391900d486dc1938393524aac1477c52b058af15b31621871da9ea986239e2a6493a123934d0b993774069d81111dd9c818a9029283dfad2f2d2600cad36797ca6c0c62a5a1a62bc6bc63834c6fbc06e208a724ca7248a8dd0b92c066914064dcf8618c77a5daacb81c934d2ca4608c914a9208c838271412c86680a1195208a7ee04003a1a927ba170a0e3047148429c6d07340d6a80ee8d4104f34c2bf2938393531231d093445861820e681dc64287001047d69ea87ae72452b380073c8a69936312703340aec5dc58e48c52701896040a198000838a4927dc546d273416ae230676caf4a8e44688e79c1a9779523b629d93367239a0a2058cbbf39141722e36f614e914a3927a0a8d640f28c526809e5258f1c114d0085e4104d3e404a81d09a42a761527205400452306009c8a96491e2e982a6a0858eedb8247ad4ef82083d68017cddd8040a68639c63834876e411d453988d99f5a008e40cb2e403b735233e79cd431b9672b9c1a7901739ce28012555c71dea23100739dd9a923218903914b8f9863ad2015597ca2a40069ab94523d28d9f38279269262c8f83c0a603f6ef4cf422a09959304924539599b18ce2ac4512cc843706802ac3291d8e0d47708a4ee00d5878fc9254639e95138210e475aa8a01904e54101481523cc4a90075a5848d9cf3475e179cd2920258ae331608e452827ef31e053638c3807072294c25d8f5e3b52b810c972ad200bc54be70119e335049101264802add9c2bb79390684c082266707278352ac236ed53822926b6092e54f069b3b10c029393557b80c96d9838da791dead023cb0b9cb63ad46f26d455ce5a93cc28146300f7a4989b095db80000454213cc049e0d4ce0b3640c8a670bb801cd37204c6c2a77639c0a98af9aa00c714d571903a1a7c598db81806a52b8c779211412722919c03c1c0a5998804e4e2aab4ac7249c0a7ca171f2390481de998f98027069c5834631d6951448003c1f5a394073a00990412696dd8e70734c6528f8c1e2a54627181480512159029079a49d54305500934ec32750181e9ed4c72438e82801622626c1c9a72fcc0e38a89890724f26a5b70719ed400ab0145e0f26a2643302187229ee4ef04548502c64f734010a44218b3d49a7440f964e3ad3bcb1b324e452a02fc01c0a00aadbd1813cae6a4de09c81826a77889038c1a43b300639a007c711318604648a1a2dc324e314d2e40000c0352228c6dce49a008c805805192294e4b0c8eb4edc96fc756a54951ce4f5a004de55703902ac5be5c609c8a6469e603d80a266112704f3400cbb0124000245326412918183527981901209a619434a001d6801a2df6ae00151b308643904d5a2c23524919a86421949c668005c48a181c114823264241eb51a308d89c1e6963b82b29239cd5a405851e5e01e48a63a073b867229e58b2e47534d46daa4b5301b14666270791448a5148ed524408248c834cbb73226011914011428de670080290bb2b10460d4f1bec8813d4540ccd732107000a0090bb247c9c9aae5cb9249248a94a85c0272453e1546ce30734015a1b8c484375a5f9831c77a926b22a0900134d8d0e393d2802ae0f9c32702ae46ca0e0f22abce80c840c8353a200b8e845000ee37e07cc6ac292f105000aaca30a4ae334b1cacae00e4d0059824785f69cf34f63b43679351fcc72cc40c5341323f538140162250f1066ea2a486608a4751516dca820e31da9721882382280242e588207228f35bcc047028560339e0d2023249041140160bb360f418acdba9009b3c002ad2cae9b81ced3d2a94c39620120d0031a505b18c834e4423820e0d43144e641d81ab4a76b0cf2054c905c6b398d70a080699cbe58827156495950e00da2a3f2cab10304548d3645c9c1ce00a6990a390dd3b54a1704b0e40ed46d128dc549c5059565b8db131c126a94175219b04e149ad3102ec390066ab4d64049b88c0a009540c64f39a6c8de49e992699e6f92e000483492379d28c1c914ee04d6aace724f26a49e0054f3cd3533b47182054a9282a0639a405745556000c30a1e53b9860714f550d3e7a1a5688bbe403401188c95e4f5a764a0040c9a91edc18bde991c7e42f3939a0063c6f210e7240a9038da1b3c0a1f7794402306a27902c5b48f9a8022b990bcc0ae702ac46e5a3e463351c3864c91822a6420a03c6680238db12e48c62a775321525b2a6999c0e40a491f0001c0140243a6b739caf2055657db2f039ab31cedca91c9a0aac44e4726802b5c012c67240aa2eab8200ce2aedc2e41230315595c06dbb693400b19310070b491a90dc9c8a97ce1bc02302a36608f9e4834c086670afc0ce69f23298005ce4d2489ba4ce0814d988c6d519229340417512adb96006ff5af26f8bfe325d12d2e5e56da22048af55d5a56b5d2247032eb5f2e7ed5fe31b7d2347b8fb4c8d1b3a646067279c81ef806a64b4b0ba9e57a978ca5bff14497f1ca447213b533cf4eb5d7f80be274da5484166249eb9af9b2c7e2415d51ccc1a30db426ee335dd786bc5eb34c0890107deb89a69dce949491f61f82be2326a422512824e38cd7a4d85f1748dcf43c835f257c38d4e537514a93855520e335f4df83b5137da25bbbb025540c8f4aeba12d0caa2b33ae8ae2311a824023ad1599318fcce5b2481fca8adb9883b2560719c10c3155c5a6c662067bd4aeea208c818249a7c2dbd081c1ad9a390ae25118ce304d2a334ce06706a49adc29e4e41a6c7190c48e3345810e31b67ae3149f310013c9a57ddb802719a59400839c62801422a2804e49a13706ebc0a8d80c67a9a48b76fc9c914022cc68cce013c539e10b9cf269a650002b9352899428247340ec37c91e582300d26d28d9ee282a5c120e05472b98782739a0571d779923073c8aa61b77cac306ac094ca704702a0b826361819cd0d03628888521718ab11e52200f26a38d48873dcd4c830857a93458055656439e0d55750ae4a9cd4aaa49208209a808659829180684089ed9c7503934f9033be7381da9b0c61093b860d1239dc0007028604b1a94524e491446cdc90a0e2912518e7a52a3e09238142043300b9dd919a90a2aa0c13934a88b700827069bb4c6c41e450090bbd634c824b52c13124961f4a63c7c6541cd2c6f8186e0d31b247744e4e32699239da4e0f351cf87600f6a92372a0838c0a424875bcc1792300d24b1acaf807ad37716ce4640a6ee31f43430624f01420276eb4a8a723240029c2e4104601228122b2e3a1a82932076d8dce29cacbd4f7a6dca047ce49352e03423200228250c60a78029ca8460e06052460b37422a576c707141561a58800019cd0ff2103a66941c1ce29b3038040ce680486804364818a59543b0cf040a6485b03a815229ddce3a50098471ef5c0eb4d9c15c0032453d1c8ca8a498b2a02390282948092d10247cc69a32b820f269bf683200318029ea47180681f30864072a46734d8540724a902868c9248c714d6676600741d696a1cc582c1b92381448485c01c1a58d418c0040cd272ad824102a0a15404030339a3685c93cd29236e07269a8487208e28014e1972293782b81c914b2018c8e050b2045381d68018a8158b0ea695f3302a0e314e011949e86854110258920d003523f2b3939348010d9e869aee7cde0f14349961d6900e762318e0d0cfb880d839a5003903d6925800c907a50038a0f2f2bc52ae000c08cd31017520e78a5c009c6734201b2b79872d90453550f2a40c1ef42e4e4119c9a74a766060d3b811188283b739a74791db9142925f82706a693091823926802289989623a52f98cbf31e280854641393e9421df907200a096c8c667970781eb560a144010e714c50320e0834f12f500534c570ce7049071d6a39640a7200e2912231392c49068bec480041834dc82e2c3b6762f9e454ae8665da00005416a86353b8e0d48927cf80d806a442173130006299206590b03ba964980c83c90698b29039070680152459181239ab015860641155b3b240719cd5b673b54100534c1b2095d965da46453670a475008a99d03827f8854125b9c67269f3020846d07209cd3e3906471c0a6c1b8820f02a4d82350339a1c8a88f94878c90466a30e614048c934f118e189c7b54578cfb32a322a4a2649498f91c9a6c8e2465000e2ab4323b7009ce3a54c84f27a1a402bb29738e829eade86a35c1040049cd4c6350060609a6033692e0e48cd4a430383820d1b54e00ea29e23e324f3400155040c134f2020c608cd272c8381914af92ab9005201000d93cd42e08738000a9a472c401c0151b12cb9c702980a8320e4e4d1b4ee391814460370383524249201e68021daa181249c9a1c2862573525d260e400714d8e332296c62801f1ce5e3c03834859c9c1048150ed28ded5637968c000d0021976c6548c93de92388edc80062a2937ab6ddbc1a903b22000d001709e6804301f4a441f2606322907427914cf30e4fa534ae047348cd29c700501c3b8038a39c92780691473903029a4c0b51e5588072294282dc9e951248540001e7bd4910206e20d501396500f63504918ce7382685064383920d24e843000918a003600e158f069d244130abc67bd31949209eddea47909000e7de802330045625b24536dc61b24633534057255f049a1e3084ede45002349b4608f94d404850401c1a74b7270a8466a1b8566e549e28019812cc4e4e56a4de3040e49a8a1c42e379e4d5a1007f994e6934036188b1c0c81dea3b9061972a7156227d8c410714e9ad16e57249045301a84b4193934f831172790d4463cb014f20513a000678cd004bf2e3239348c3a3018c5461c64053c8a98b0923393922801e5958e719341e1431c002aa09ca2100124510de33603839a009a698ca980702a2910e368ea6a6f24b302318a49904673ce6802028401c938a208b2d96240f4a98280a7b9349e56de49eb4008404271c034228524e724d2c3087760c72050517691c934ac031b2b918c8348721480714e040520e78a0ed752075145877221115192771a6e0cee549c11432b26181e298652a7201c9a1a04c6946490a95040ef4c7b563206438353b396427b8a4b790b13d88a2c3e61562644cb1e45355cf3938cd4bb03a9dc698620dc0e82a5a29312123ccee48a984815fa64d575051f8ea6ac001c649008a401338639ce01aaed310e148ca76a7ba93c1ea7bd0f831803191400c24c920c0c0144ce825dec30050b200d820e6993282b83820d0c2e29995d0950306a486305393826a18a12806391532005f27200a001c315c544033724e48a95e62a49ea0d0a064004628023121424b76a89ee99e40483b455898ae48183501192463814582e23b2e7824926a392211920609351c93024853c8a44b9646c1196340124884282464d30a152588e2a78e61820f5a64a4120839a00ad3cc571806922cb96e0e4d4de509633c0cd3220c25d9b4807bd0043776c6eecde300fcc2be6ff00db2fe08c9e32f0dc32dac464b8b7cfc992039cf19c7f9febf4d3b883e4039359d79a72ce1fcc50c1bd867f5a4d81f8f1e3ef873adf85b5692292ce6b7114bbdd0ab1661c64e718e9fe7d3a6f039f3845216658c8c8626bf413e35fc02d3fc7fa6cd14b651c8f236ef343797203f5000af0697f6556d1ee9a160c5d7f8ce1f8fc2b29c13d8b52b3d0e17c1fa915758bcc708c71bb3d2beb8f81d74d36831a3c8d24436ae4fafa7eb5e3be1cf80cba4cd1b143260ff76bdd7e1ef86e6d0b4c8d15142b7cc00f5ff229d38f2933dee76b69a6efb643b9791dcd156eda1ff474381ca83456a236cc66495b070a381f9e6a60a506179269808f2b8ea0107f3a96152ca06e008ae8b1c8d0a89bd8e7a531f11b920f14f98305f94e7150ae647c9c802920b92a8126491cd33619148ee2a782351c31eb4f78c42493d0d080aa542a80739a065141c020d2cb832ee038a40c04649fca848131508e083c7a53bcc0ce09e95143206624f18a703f3118c8354fb21b7d874f2bf9802f0a6a45d921018fcc2a26190082723b5241112e598e0d4d857242844b851907ad24d66586e18cd2099c3b28ef4fb4f9e5d8cc73de86244455a22a19b02a58c8eabce692e115662a4e4535f017e524628b0ec3ce4e78c31aaf2ab16049c62a724f0d9069157ce7c3100500476ea58e3b53a66d87249cd4fe488230464e2a195819412b8068602c78923eb86152055619c1e288991410402c6942b08890319a13011a4445e0e09a66e3b7bd489100a0b0c9152965fba00e69810465cf5c114e946c21b06a509b57007144881c60f6a5701b2c6ad186e84540e0ee03ae6ac2ba9015ba0a64e9b86070453b80a910d8431ed4d6b70549070288a370082739a7a927e53c29a02e568941988506a431085b279069c630ac76f434c914ba904f5a968684609336413934088f3ce69b022a1209200a97193f29c83523b0c91b6b020d0f975c8eb4e68998f4c034990aa06281a1550ac5963cd3a39c329503268382a003902913118240c9a04c42873f31e9da87708a0006961c4f2924f029d24215c11c8a04d8c51b90f504d376b4609209152c8704103a546acc49ddc8a069f60c068b3800d322628a72320d4ce15940e8452152076cd0099115e18838cd356708b9c649a5941073daa2421cb018205260993abf03271523b2a8c81c8aafb15d5704e45480967c91902a1a344c547666c8e053e493be326805580c1c114380067a8340c04f953c722a312330c018cd272704702a45c32e4638a4c0441ce0f1526032842738ef556472d2003248ab36c55f3b8e0e2980c96358d473cd22c79524022a49210cc4939a4276838ce2801809dbc9c6282e428f534e285d33838a8c425d863802801c9294c90319a709048c00183de9e9181804648a6f97e492c475a00460acf8e98a1e32e000722a5c295c81826906154f1401035bb264a9ce28f3014e4e08a961f9d4807ad56304913b3b2e50504c87ab345cf50694a9299ce09a5b7db247b890454b1c68e3049141372207a104605217009c1e69d2c623600648a408173b8609a6900098952a48341017907a53113cb933938a914aceac40c51ca1720925c1201249a72a1902f04114ff0025533b864d491951c8eb4d4408fc8001c8a8d092c55ba76a9a5603241e4d42837825b8c5368572641824639a19db90c718a4e368607a52162739c106a7958c55725480492686708a075a899806f94e33402cf92473472812210013c002a48c86cf1d6a1117c992791daa642ab800124d1cac698e2149039a578c15e3814d1956380334f704c7c9018d268b23102af200069521576c76a89fcc12818c0356560601481934ac03feca22518039a56b7d837139348652ce158f229679499140048a609900565739e869dbb792092289b72be40cd3e19548395e6a944048817380d80695c61864938a718c01b97834d45fef1c81435a00f31800313c533ca241c7029f8cf2700538b129c0e95204519014f18a9a152464741519031900d3a3254609c034004c98e4648a6a677601201a7bfca33d45363cf39040a0049202141247152155f27af2290480b00738a99ad94a1c11b7de8480aad234918c019149962872335205545207342c65be519a7ca0562e0920d218ccac00e31561ad30e300714e8edce1b1c9aa49a02a4aa62e08e6957f76b920906a5922233bb92298c82420024114c09233b9318e69f19e31e950e190609a9172060649a0057215c609a6cafe6b0e9c50a71cb014a701f23a1a00613b485c6734f404139c73404c64b7269db431cd0046cc031c0a5f332381d69640a8327a9a637504639a004932dfc20134c68cb7538c54c10b313918a88e5e4200e94015660378079ab56cdb10952491daa29114ca09e0d4c91329c81f2d026c3ce0c8091822ac33e22041e5aaacf1646e20827b54f138d8a1871407308432fcc4f4a8d65320393c8a9994939a898104e1718a014848be563b8124d4c495c01d4d46afb79614fe18861922819132149324f352c784994903151310d267914f28c7079340171f90361e7d299365994919c544d39450070c29f04864c163802800923033d8d40cccac01248ab37280e083c1a8e5c6d040e6801b6e016c834e99c6e2075a8e250cc4e700549b71d41e6802199897e3a0a5864c123a834e3f2b1000c53080c081c1a006b825f9385a64ac09006334fc193e56e3151c8813047205002312a79c014d50c1c107834edc8d8c9c934f6658860608a0025c1c0049cd0b194cb13c54666258607145c3b32803240a4d0d3230e44c72463d6a7128f3001ce6aaa12ce01181eb53c718562c327150d15cc4d70080093c7b5470a86524939344f2178c11914420e41ce1680e610c5fbccf069db544473d476a737c8e4839a6310c09ec686c4a4351ca82c41c53d497524739a6c92f930818c834f8f3e5ee1d0d037223603615239148ea63407d69d1c8aef8271cd36e98290a482a6aa282e4614024e49cd2203862d900d4e1d061704934d70770078029b04558d111c851914d9428900032c6a475018802a36203e7049a818e78005041e4d371b4919ce294b0da493504659a5ebc1a00973fbd503209a75d395c11c11522a2b2e09c3d327b70c00272450016ccb3382c3245492da211bc9c05a81088080064d58244f11ebc52680c7d6b4f4b852401b4f5ae72efc331c8fb911707a8c5753752f924ab0254d65340df682e84951da928018b2785e38a225514313e95afa2e96a88aacc720122a5646958fcb806ae58dbf969b89c0504fe9549581bb8d9ed25f39b612173c515a3e53000107200a2802f431936e4900163f9714e480c59c9040a5f2f040ce0e738a575c391935d56671919dd9383d69a898c8240ef528da09078a68456620e4d2e5024500004904d39d8c8403c03422aaa000648a43b89e9d28e5602342aa1b2722aa4e488c918abac9e6a01c83505c5b88f002939eb492028473177da01ce6af2028ca314d8ad151b710055a58c3824800516018f180090724d298f64608e7348176673935246dba2201eb400c55048247144f013864201a550471c8147dcce49a008bc8658cbb1dc4d4324e0b107823b568c6eaea011c8aad35aac929603140cad2b379595e00a4b26791896cf15665b6290107926a0b41e5c8739a40cb993e58c738a85d0c8c189c1152c726d238241a59232c848068b834422dd84c082181a9d5994edcd4281d08393534711625b392298876ddc08079a613b410739a54cf98d8ef4053b882464d218ef302c430724d009fbc78147d91979241228119e41cf34156d064ac06081c8a58773b12dc0a245231c6714e8d8861c64504a43e442402bc91514808073906acc6410481d2a290ab927140dea4680bc590318a8ceec10064d2890a49b40c29a70201246720d1612215466ceee0d4890943f29ce6a494a9c100934420f27a1a81dfa0ee4a00480698e808208eb4f68cb8241c6299131c853cd03b1120f2c950720d3d23c2118c934ff00b3a8909c62a58d06ce94034cac6331ae541e4d4e90f9abd706925523a720510e5324e49340ec39e22a9c806aabf5241e9571d18c6724557665c101706825a12060396a90c8aed802a3006464e2a41803006680432e2d414214f26ab25888949ce09abc1c260804e6a09883301d375032bc670d800f15611438c83c0a4bb8bca405704d456f210483c0351218f7fbdc0a69c918e4d3d1b9c1c66a47b63b4374cd21a6042b4438eb502865241e01a95a3d8a01e48a6b38538e291633ecfe5f27834d8e53bc8c11ef5367cd2013d2878b61c638a00466603824d2c4c644208c62947cb8c738a7103230707bd30104a57e5c530bed3839152a80ec7230453276524e474a0074320560724d0d282e4b1c834d8240fc018345dc4ca0106900e7627e61c51b8c91ed2314c8f9207534f00293938069832347dac4291b853ee18cb1152464d4291f9321901249a9be575c9201354a266d90ac4b128da69ebf2316cf2694c498e3bd35508c827834b942e3d5833139e94e936b9048a8d5707b9a73ee52081906a9206c6619e5c003152a62172318a62380c78c114e790be320645315c8e59be6200e0d2c6ea3008e0d39e2575ce704545c2a9e38a007ccaa5c052083519382411cd2f2d8c75a8e67db9c9f98500d8f932ab800534cbb0027906ab457923cb80031ef565890704039a012199dc030c91529521410082696d9091b48001a9de30aa00e7140104418e370c8a93ccf2dc607069e8d953c7029be607e30734026391c17246734e285c678cd45e61070064d48b383c678140ee380f3501230452f9ae0000900522927000e0d48ca04601eb4ac0a411c6b3104f06925721b68c71498656e30314ab1ee39e371a2c5c5892b6d5c91c9a8e3049c8e09a91c1906d2718a740aa24c12698c45042f2686420e474352b6390470280b900f34009180e0027a53d80390381422aa0201e4d34316247422a5c4047c95c28ce2a4316f51c014ce428c024d3c3928739c9a5ca04136507072050922e00279a26041c8048a63407ef6714d4409634567049e0d492ca19360271512bed5cf048a5001c1ee6a900d8818f3b80c76a7c53309490320d39802809c60d244360ce41cd004a1490493cd461c86201c669d29dc0019cd3380724e4d00433abb64e4926a3580aae49391561dc03d300522c8bc8e0e680212eccc011c1a736570013c539dc17185e0534b95246383400ccee7192401531c6720640a8d57247bd48e768c0e41a02e0ce4608e869410173d09a631ca633cd38a96000201c504390c970dce738a472a572bc9a2688aa9033cd4691107839a0571559b7019a911022924f269a10873839a6bb067da0e4d0170640cfba9e5dd141009148bdc11cd488a40eb91405c8a62cd86078a92098382a71c535d4b31da7e5a84feed8f2466802c396ddc1e29637238719c54714c1d71839a98c8a5413814031ad1248320f229c840c8e302981d7cd209c022a516cbe596c900d024ec4602939039a733041d450b0abe36f24538c009cb64114149914255c92dd4d0f200db464a9a46004982302a585542f2bd2843e62578d4c2029208a8f6f38ea29cea5f1ce0530a95ce3a8a0a2163b1ce38c5598bf791063d0540a0c848232454ad388142e3ad003cc7c06001cf6a8190872dc7d29fe7b3b00a30298e8dbb24920d0d0014dcc5b1c8a8b049231c1a91652cc48c8a54c383401135a2e0b01822a316f93cf4156a40300834d8d7920f14015fc91bb838029d328f2b001c9ef533a0760076a632673c702802a88caf18c8a923528a700826a520281903068941ea07ca2935702b5c3b18ce3b510cc36007352283203d38a6ac40839183daa7940724c0b81d8d4be5ee523040355d2231c80919229a6e9bcec9c851da9b880e9f29843ce6a68a2296ec09e4d432319486001a7c44c809e8054b4045140de6e4f43566489258b85e452c4aa3939e2a61800f181421a6538db7b80ca463bd32e4159081923d6adbec0411814d6549988230053d42e528d4905c8c914f8c87c82a01352a5b80580e9515cb342c369c8a409904f08424e413e950448c67dc410055990a96049ce699bcaa30c119a0b12793e60c0800529732804918a8918b02083445193904e08a00900de4027a9a7bfee5860922a0507cce09e0d585254e580c50172aea319b8c10063bd352c80b725400c6ac3aeece32334aa876803bd170b953ec27ca040008a7da4790c1b8c039fcaaec51020ee2702a38ad376f60768eb45c06f9b800641dbc51485446482b9345005fd8d9dc4e49a262ccbb80e475a582226273b8962481fa7f8536d1d892af90c6bad5ce31502c8a01041a747108c13d8d35d4a138ea2a688160093cd30123cb1c91c53d50124134c9898ce00e0d2aa1e0e4e4d003b6119c0c7a544eac3008e455824a804f6a696049279cd0040c86520ae78a7b7de0a780298ecf1310a080d4f8f98896c1349a01b22166200e2917f76a4118a7aa33118248a6cdf2b60d43404b1950a0b0eb434224cb03c0ed4c20b42481c0a6090ac64e700d003048cb2118c034f470a849a6328e0823069091c0073400f1725d4823835553742e4364863d6ac2e09f7a8e51b5b0dd050058504803a01de87948c0078a11cf97907229af8c827ad21dc8d6626724e0014f9656420a1041eb55ae3e59873c9ab16f958f04020d3113a905011804d39a2c00c0e4d34439504020f6a92146200638c5034c54724f24f144afb4e71c9a27509c8e29130c464e693190cb3322120649a5b5625402304d3a691769522923fddaa9c8a1212dc977b7231c0a81e43bce0601ab2885a3639c0aa4f336e200040a2e36c7c84f04018348ea55b7019cd3124673b47356154e08391434171aaa76024e49a50d95000eb4d9090c3af14e5cc98c1c1150d0d31c2220e79a930172703352edda0120f14d6207cd8e0d0041bba9208a91c1f2800452310481d8501c739240a02e36390901482714adf2b63ae69ee0797f20c9a895994f23245002072ac4924d3665dc011904d39c83827009a476e9c9c0a01ec319f185dbc8a58a7226071814f5742727934d048986578341298e909661839cd32ea23952400454aca09c8e2992e586319c5053630938c3720d40e8c65c8e00a97277e0938a3cf11b918c8349a04c688c800b0c0a904c5320e40a492e0823e538351bc86460780054b4368b1e6aba6d239355594893a1c54d1e5c0c01c526d0c4ae4034869b1b6ec21624e5aa767494039c1aac8a629002720d58081e2623ad05a634a10d90460534a1ea4f2691f3e4752314d84172324914016213b5802334cb9c798463ad3d54b3f5000a882b2c8c4e0814240284110e9c9a74d21d98eb9a844c32720e694120823383434010315600f5a9cc7919238a864704617a9a512b42992726a9445261246570307069aca33820e4d2c52b4a4e4e4d249b8480e6a9103d488a23904d2ee5743ce1a9858b1390714d521df68cf140589a374008279a59195b0bcd4336d8dc01938a8d656f33a120d024895c88c80066a39657de0e005a8e5bdf2f39c002b3b58d7024195230bd466806cbb26ad14527ccc28975db7784847566fad711a8f8ced27253cc08c3afad659d6638b7b4174599ba020803f1a2c2b9e8306ac15c02719a8354bd58433efce7debca355f89f2e86e44f2a3b67f84f06a94ff1752f82149d5d9cfdcddc8a2c0a48f55d375d6fb4101815357d35bdd2005b3cd799e93e348f0b8c96239c026b6f4cf195bcb781199558762c050d0ae7a3437024895830c8eb4db8d58a300006ae760f14432c6c88c0b1f439a9eceee3914967e4d3b8cdeb6d5d1be5200269fe780738201acdb1b78997733804d4f24ea830ac188a0122cb4e41241ce28865e48e99a8219149233926a58e4466da319a43b176290a800fe14b0ca5e62ac700d40f3ed60a306a78e20482074a06912c88548ee052a215f981c834311bc02700d472dd05608185090d45848e32704d35a42485039a082549ce0d08a53e66a069326dcc781d452c7398f218540d26d2029eb4fdbbd41279a0a1db8b48082706a418f33daa2538c6714f858bb138e2802654da0807ad2797b724b734a8db573cf1482405f2c319a006f3b4838349121c9279069ed856040a488b00493806802375190074a49404230719a925896339279355e5f9b04e4e2801667271cf02a58886400f6e95039380403c52b3b1dbc1005005824942bc835123947dbd49a70b905801cd08a1a5e4807b50024b0961e98a896325883938ab1302b11624922a049c31e3834007280e4722922433b70302a48fe6625b914e5050e5475a0063e12403a5136e1c01d29d280707041a11f760375a09932b12ca03649352c4c5c6e39e29d328dbc8c9351c127959241a092676f363c1e3150b3ed60a0120d3d3748e70300d31d8c39c2e7140893cb054807069914022383d4f7a7266401f3b4fa52b3e5882466801cb6c9cb06c9a43842476344785031934f963de47bd01719950b8039a6b20639206684b760493d29c90965249e4d03b91f961b38c8349808df3127352a8f2d0e719150b4880fcc0e4d026c91a30ac0900a9a9fe69140e306a08df710082053f7932919c014031d1290e55463153055504be40355e391a398f1c1ef53cb97c12320d008aec6366f9739141959b181c528870c48ed4e50c149c038a10982062c093802959c727180696225d092304531f74a846082282948623889c1e99a9182dc30e32455563fbd00922afc482050fd73415cc35e10aa06306a3958a11e82a639624e41cd4128f34107208a0ab9187dd96c605397240ec0d46030183f7454c83ce5da4e31405c46dabd49a8d9b2e0f414aca770c8c8148f1ef5c938228024850124f634b2b86380060536243b71bb9a0212e413c0a0085e16243138514e2c0c640e6997f1be4152768a5806e2a01393d680191b2c64f3cd21c6e2493eb45ec202920104546a018c312462802741e6306e3350dc46246200c135343f3a1db47cab92793400d8ad4aa004e71524180a46314f8f1b4939c1a89d8213b7ad2680731208207029ed27032719a85652c064e69cc00058e78a4900c24ef271c1a47de0f1dfad406f3f7854f0054914e58804e0550127987cb240e9519cc908247352a6233c9041a8a79cca42c630054b88103c6a54123045382ab202d8c53b69c80d9cd35d485239a5cac771be529e067351cb01520648353c4c0af5e453b3b900239f5a39585cae00523230452ee3231209e29ef1190e32334d101520023028e561725863dc873c9348311fca064d49000a392453656d8e48e7347288081102d8241a686eb9240653fca95245311c82334dbb70f1461782187e3cd2b3044a6212fcc01c1a29f0831c48b9248028a2c3b8b9318122e4ee5ce3d0f15143334ae58a80455cf97f7c09180b81fe7f3a8a08d464a8e4d761cc3e401a1c8201a8e224e383906a6440720f5148aa038c0e05003262c7040e4548849504f6a4793792083834dd981919340128c1e49a889c9200cd4c50345f3601a8e28c60f38a008e7567518cf14411945e7269ee491b5460fad084a1c1e4d003ddd635041c1a85a232306ce734e997760f393da92324211d3d2a5a602c9314c000907ad301572473cd39088f96c7342461d8b038c52e5014c4aa98e7350200188238a9e671d067351a464b824f1472806d00f1934d9bf7880118ab0c10e0639f5a8a450a082410693403a0411c38ce7350cb91cf1c53d65c6063834fb88d48ddd49a06d14e28fcf9f27922ada46588e800aab0445666604822acdbee67e734089b715c64722a48c96e48c1a708b7a1278229222c1c1238a068718c1e08c9350cd10504824559c9cee3824d31c0dc77630681a2a7063208cd356265519e066ac1830081c1344608c86ed486912468d2db1c103154e41e5e78abf1e02360e2a9dc704823ad0c4476aa0bf1deadec24608c1150d96236031926ad142cc413814204577c3f1fdda48481282062a468845bb1920d36180c6779c9152c2e5c8c6f077000542548cd0b3ee6c038a749d3e9481320690024ed38a64a58bae7ee9a9b3c151824d43246c1f24e40a06890b9182a702919ca3827049a7870a838e4d46cbc648c1a06452c6659339c549e5ed8f0c720d3a300824f245344a036d20906801a15777503148e0b313c8c54823ce4004834d9095e00c1a040aaccbc1e45389223208e69573120620d248e1b0d9c67b500991372838c134a212a46e00e69eea0a8206714e542719e38a056219d4b360738e94c11141cf435666408370249150f980820f24d4b45204203fca7814d70a49c0c1a22fbe70287e082475a92a28238830218e08a93688c0c1a6b3794c0f5cd2820a927a8a0a09adfcc192405155972928001c0ab8ab98c64e40eb515c9563c718a6900acc5c71c1aaf207120ce706a54b8552031c0a7c9346f1e41048ab481b2220600e84d39bfd5e09c114c09e6a124907b53a60514073c8a4d093b90bce6220918069c2e048a7b9a8ee0abc448359775a8c962ea40ca0ea69446d1af6ee524ce40cd4f2b2bb67700476acdb3bd4be40e1871497b7ab68bb8b0c53b89a2ecce5b85ce075a8a3bd48588620354506a6860058819ef581e29f13c3a7862c4023bd2b9163a2b9bf55f981c03ef59f71e23b7b324b4f1a93d89c578b78fbf688b6f0e432462e9030eb96031f99af993e317fc14134af06ebc893df3348c3236fcc139ef4d31b47dcfaff00c40b678e4896411baae724800fe35e37e38fda161f0c5c149ee018cfa9af88fc45ff000549d3f55966b317f1c5749903ccca86fa703f9d78dfc53fdb6ee75cb69912f1199b3c8a94eeec6729248fb47e257ed8ba5e9b7acb6f7b17da0f3e56fc903d4e2b83d67f6eb8576a9d45a3503911b915f9bde31f8f178f209a3b98a7b877fde300c38fc7935cd6bbf142e6ea22607667619393900fe35d90a2da395d667e807c43fdb7651a65dceda8ccd1c5f764ea507e1d6b8bf0ff00fc145f4c88aac9a9ea66ed46167daa23438f5ce083c76ef5f125d78faf6eac52079642ae31200701ab2166b68ae0b46afb98f3f3124568a82ea4baacfd46f027fc149e18ed22b6bdd66232ccd88de0c8594f60c7900e7dfb76addd6ff6f3b5b5b869a763e6a61a4ff480e48e39e9c751fe7a7e4bdd2b4b70a05c4ca8a72a3382a7d463e9eb5b179e36bb5b3489af2f2574fe39266666f6249ce3dba5653c3f660aab3f6dfe0f7edcba3f8b2ca0325e0884a072f2ae57ebdebde7c23f142cf55b349ad6ea29d1cfdf56247eb5fcf4f83fe3beade169a37494b98c601279fa57aefc2eff008284788bc23049159dddf590660c5629894623b9526a25879ad4da9d5bee7ef2a78a0f93b8b8007f779acf9fe265bd93b092e113dc9e2bf2cfe19ffc164751b2856d7548cde3b0dbbdd4a9fc49e3f5aef35dff008291e8be38f0b3249736b05c75510c88bb4e3a9e4fafe9cd652528bb4958d9cd2ea7e8d699f15ecde4dad71131f556c8ae834bf1b5b4e0bac8aca7b906bf233c2fff0005325f0add0b3d5a6b3bf59e4f2e39a321dc74c7cc0820e78e33d7bd755e1bff0082aec3e0cd5762dcb6036f6449b293276c87fba7e955665a9a67eaaaf892312ee674c1e9938abd6be2b80e116452475ea315f9e3e1bff82bbf86f5fb74be377669708a54dadddc06321c71e8c3f2c575ba37fc14ff00c2bace9aef16ab6d657e9ff2c666c44ff4ee7b7a74fc6a6c0aa416973eea93c43031189509ee01a649a8c12a960c0915f1ff0081ff00e0a51e0cd7e47b79f53d3e1be84057ccfb55cf3f74647e44e6bd2f48fdac3c31a932c51dfc2d2b8ce04b903f5e281aa916f467b63ebf1c6090e491566cb5d8ee506e3807a578f7fc2e4d3a5903c72ac81bb2b2907f1ae93c35e33b6d7c6e85ca32ff000b703f5ab2ee7a2f9c09041e2a5867124832c0572f65e2e4b691639ca907b83902b4daf1243be291483cf5cd430b9bca11b0011914e794280157005625a6a62490804922b523b9076861d680b96a090c80e4600a78459013c022a09318f94e052198200a327340264b2b8ce06322abbcacca41278a959028073926a39b080003ad00d8d57390492d4e1c6091c1a6245f364722ac28de8467a504dd8ce0e71826936150724006989986420e4e6a5913700a0649a04e4568db0e707153444f9992724546c9e5c9cf19a90055208ef40932c3133020f4aa522049490302ae89c18f1820d42ea240491d280b90abe338352ae465b3d6a0652ad90338a9038c6de70680b96146f507ae2926daa320629880a30009da69f2c6c4e09c8340ae42a1a4527ae39a6a01283ce185489fb9240c9a162f9b728eb405c72212b824f1de900f2c15fbc0d4b900051838a636117270681311e355c018c8e6983cbc839c91433e5c0e4e7ad46502862339a06cb0aeaa09038a6abee19279a8830da0124134e888041fbc0500d0ef30a9c9e29c0ee04f029246322ee0314c89f24e49c50268792082304914c9210eca70322a451b892075a51d01009229a571dc0422550c382b4a98e4b0c914f400c641c0269210092a7a1a69098c770ec00038a9d58491edc8c8a8248bcb6e3069532a464e0d34098f58c0dc093cd34c6c8b81923d69eaa0b6339a74a411c64814ec3640a4ab8e29f212795c734c605cf19069d92b1904706a6c24c85e03b836326a5dcdb704920511bef3b4e7143b18f8c6452e51a428f914124d44ec579c119ef565b6bc40d468448a43678a1c58df910b296190739a788762f04e4d3c4613000a5ddb464e0114356121814b3607005395141cb8eb491485a424f19e94973281cf522914a436e8847050702981c71cf269db8cb804547200af8201340dc89d946cc9c1cd451a0466618069e8c597a8c1a6b3aa8607a505264334c5b2180c1a857122630062a796257407350bc43cbc29209a00744a5b2b9da0549e4844c93922aa4523464ab13530766207381401389778da460544db11ce73cf4a7e08033d6a3705b8f4a004453b8919c54c939f2f95c9a6c4ff00203c0c53918b4c38e28033354b37fb40994103d28b3984a873c115a577106c83802a8471804803193409b248dc31cb1c014e006edc9c835088da324100a9ef53a28887cbd0d03570b8211400324d24403280dcd39c99063819a688368dc189c50034aaa138e2a45daca3b54200662c72066a5deacc06318a008e44dae42f434c69b66410722a52b8272714c2159b0c3ad00289c48a3152950e07205413c041054f14f46214139045003ae231c00727d298e985071cae31f98a550cce4e09cd3c12e40233ff00eba009532a800c114556fb485e0e7228a00bb18525dcf21b1f41834e560338c0147d9b72aa83805727fcfe751c8a21c739ae839c72804924f268390460e41a22704e4f4a52324907005003954a8c919cd2aab6dc0c1351ac8fe68f4a, 1);
INSERT INTO `cardapio` (`codigo_cardapio`, `nome`, `descricao`, `preco`, `imagem`, `exclusao_logica`) VALUES
(6, 'FGG', 'LL', 55.43, NULL, 1),
(7, 'FGG', 'LL', 55.43, NULL, 1),
(8, 'RECIFE', 'RECIFE', 50.00, NULL, 1);

-- --------------------------------------------------------

--
-- Estrutura da tabela `item_pedido`
--

CREATE TABLE IF NOT EXISTS `item_pedido` (
  `codigo_recno` int(11) NOT NULL,
  `codigo_pedidoCardapio` int(11) NOT NULL,
  `codigo_itemCardapio` int(11) NOT NULL,
  `nome_cardapio` varchar(100) NOT NULL,
  `descricao_cardapio` varchar(100) NOT NULL,
  `valor_unitario` double NOT NULL,
  `quantidade` int(11) DEFAULT NULL,
  `flag_situacao` char(1) DEFAULT NULL,
  `atendimento_cozinha` int(11) DEFAULT NULL COMMENT '0 - item não feito, 1 - item feito'
) ENGINE=InnoDB AUTO_INCREMENT=36 DEFAULT CHARSET=latin1;

--
-- Extraindo dados da tabela `item_pedido`
--

INSERT INTO `item_pedido` (`codigo_recno`, `codigo_pedidoCardapio`, `codigo_itemCardapio`, `nome_cardapio`, `descricao_cardapio`, `valor_unitario`, `quantidade`, `flag_situacao`, `atendimento_cozinha`) VALUES
(1, 12, 1, 'JABOATãO', 'JABOATãO', 50, NULL, 'A', 0),
(2, 11, 1, 'jaboatao', 'jaboatao', 50, NULL, 'A', 0),
(3, 11, 1, 'jaboatao', 'jaboatao', 50, NULL, 'A', 0),
(4, 11, 1, 'jaboatao', 'jaboatao', 50, NULL, 'A', 0),
(5, 13, 2, 'TESTE', 'TESTE', 55.55, NULL, 'A', 0),
(6, 14, 4, 'TESTE', 'TESTE', 5.55, NULL, 'A', 0),
(7, 14, 2, 'TESTE', 'TESTE', 55.55, NULL, 'A', 0),
(8, 15, 4, 'TESTE', 'TESTE', 5.55, NULL, 'A', 0),
(9, 15, 5, 'ALOçO', 'TESTAND', 50, NULL, 'A', 0),
(10, 16, 1, 'JABOATãO', 'JABOATãO', 50, NULL, 'A', 0),
(11, 17, 1, 'JABOATãO', 'JABOATãO', 50, NULL, 'A', 0),
(12, 17, 5, 'ALOçO', 'TESTAND', 50, NULL, 'A', 0),
(13, 18, 1, 'JABOATãO', 'JABOATãO', 50, NULL, 'A', 0),
(14, 18, 4, 'TESTE', 'TESTE', 5.55, NULL, 'A', 0),
(17, 20, 1, 'JABOATãO', 'JABOATãO', 50, 2, 'A', 0),
(18, 20, 5, 'ALOçO', 'TESTAND', 50, 2, 'A', 0),
(19, 20, 1, 'JABOATãO', 'JABOATãO', 50, 2, 'A', 0),
(20, 20, 5, 'ALOçO', 'TESTAND', 50, 2, 'A', 0),
(21, 21, 2, 'TESTE', 'TESTE', 55.55, 5, 'A', 0),
(22, 21, 5, 'ALOçO', 'TESTAND', 50, 3, 'A', 0),
(24, 22, 2, 'TESTE', 'TESTE', 55.55, 2, 'A', 0),
(25, 22, 1, 'JABOATãO', 'JABOATãO', 50, 1, 'A', 0),
(26, 23, 3, 'ARTHUR', 'CAIO', 5.55, 2, 'A', NULL),
(27, 23, 4, 'TESTE', 'TESTE', 5.55, 5, 'A', NULL),
(28, 23, 5, 'ALOçO', 'TESTAND', 50, 5, 'A', NULL),
(29, 24, 1, 'JABOATãO', 'JABOATãO', 50, 6, 'A', NULL),
(30, 24, 3, 'ARTHUR', 'CAIO', 5.55, 3, 'A', NULL),
(31, 25, 3, 'ARTHUR', 'CAIO', 5.55, 10, 'A', 1),
(32, 26, 1, 'JABOATãO', 'JABOATãO', 50, 2, 'A', NULL),
(33, 26, 1, 'JABOATãO', 'JABOATãO', 50, 10, 'A', NULL),
(34, 27, 4, 'TESTE', 'TESTE', 5.55, 6, 'A', NULL),
(35, 28, 2, 'TESTE', 'TESTE', 55.55, 2, 'A', NULL);

--
-- Acionadores `item_pedido`
--
DELIMITER $$
CREATE TRIGGER `item_pedido_after_insert` AFTER INSERT ON `item_pedido`
 FOR EACH ROW BEGIN
	update pedido p set p.valor_total = ifnull (p.valor_total,0) + (new.valor_unitario * new.quantidade)
	where p.codigo_pedido = new.codigo_pedidoCardapio;
END
$$
DELIMITER ;

-- --------------------------------------------------------

--
-- Estrutura da tabela `mesa`
--

CREATE TABLE IF NOT EXISTS `mesa` (
  `codigo_mesa` int(11) NOT NULL,
  `observacao` varchar(100) DEFAULT NULL,
  `nome` varchar(100) DEFAULT NULL,
  `exclusao_logica` int(11) DEFAULT NULL COMMENT '0 - Excluiu, 1 - Ativo'
) ENGINE=InnoDB AUTO_INCREMENT=8 DEFAULT CHARSET=latin1;

--
-- Extraindo dados da tabela `mesa`
--

INSERT INTO `mesa` (`codigo_mesa`, `observacao`, `nome`, `exclusao_logica`) VALUES
(1, 'teste', 'teste', 1),
(2, 'eeeett', 'teste', 1),
(3, '3', 'Jordão', 1),
(4, '4', 'ibura', 1),
(5, 'g', 'boa viagem', 1),
(6, 'd1', 'dd', 1),
(7, 'brito', 'leandro', NULL);

-- --------------------------------------------------------

--
-- Estrutura da tabela `pedido`
--

CREATE TABLE IF NOT EXISTS `pedido` (
  `codigo_pedido` int(11) NOT NULL,
  `data_pedido` date DEFAULT NULL,
  `cliente` varchar(100) NOT NULL,
  `valor_total` double(7,2) DEFAULT NULL,
  `sitaucao` varchar(1) NOT NULL,
  `codigo_refMesa` int(11) DEFAULT NULL
) ENGINE=InnoDB AUTO_INCREMENT=29 DEFAULT CHARSET=latin1;

--
-- Extraindo dados da tabela `pedido`
--

INSERT INTO `pedido` (`codigo_pedido`, `data_pedido`, `cliente`, `valor_total`, `sitaucao`, `codigo_refMesa`) VALUES
(1, '2016-08-03', 'JOSE JOSE DA SILVA', NULL, 'A', 1),
(2, '2016-08-03', 'JOSE JOSE DA SILVA', NULL, 'A', 1),
(3, '2016-08-03', 'JOSE JOSE DA SILVA', NULL, 'A', 1),
(4, '2016-08-03', 'JOSE JOSE DA SILVA', NULL, 'A', 1),
(5, '2016-08-03', 'JOSE JOSE DA SILVA', NULL, 'A', 1),
(6, '2016-08-03', 'atonio oliveira', NULL, 'A', 2),
(7, '2016-08-03', 'atonio oliveira', NULL, 'A', 1),
(8, '2016-08-03', 'atonio oliveira', NULL, 'A', 1),
(9, '2016-08-03', 'atonio oliveira', NULL, 'A', 1),
(10, '2016-08-03', 'atonio oliveira', NULL, 'A', 1),
(11, '2016-08-03', 'atonio oliveira', 1.00, 'A', 1),
(12, '2016-08-03', 'Algusto Limeira', NULL, 'A', 1),
(13, '2016-08-03', 'Cleiton Chavier', 55.55, 'A', 1),
(14, '2016-08-03', 'cleiton jose', 61.10, 'A', 1),
(15, '2016-08-03', 'Weverton', 55.55, 'A', 1),
(16, '2016-08-04', 'augusto limera', 50.00, 'A', 1),
(17, '2016-08-04', 'JORGE BATISTA DOS SANTOS', 100.00, 'A', 2),
(18, '2016-08-05', 'LEANDRO BRITO', 55.55, 'A', 1),
(19, '2016-08-05', 'JORGE BATISTA DOS SANTOS', 104.00, 'A', 1),
(20, '2016-08-05', 'JORGE BATISTA', 400.00, 'A', 2),
(21, '2016-08-08', 'JORGE BATISTA', 427.75, 'A', 2),
(22, '2016-08-12', 'JORGE BATISTA DA SILVA', 161.10, 'A', 2),
(23, '2016-08-13', 'João', 288.85, 'C', 2),
(24, '2016-08-13', 'landu', 316.65, 'F', 5),
(25, '2016-08-13', 'jorge', 55.50, 'F', 4),
(26, '2016-08-13', 'myar', 600.00, 'F', 2),
(27, '2016-08-13', 'taci', 33.30, 'A', 3),
(28, '2016-08-13', 'bb', 111.10, 'F', 4);

-- --------------------------------------------------------

--
-- Estrutura da tabela `pedidos_faturados`
--

CREATE TABLE IF NOT EXISTS `pedidos_faturados` (
  `codigo_faturamento` int(11) NOT NULL,
  `data_horaFaturamento` timestamp NOT NULL DEFAULT CURRENT_TIMESTAMP ON UPDATE CURRENT_TIMESTAMP,
  `data_horaEstorno` timestamp NOT NULL DEFAULT '0000-00-00 00:00:00',
  `codigo_pedidoFaturado` int(11) NOT NULL,
  `cliente_pedido` varchar(100) NOT NULL,
  `valor_totalPedido` double(7,2) NOT NULL,
  `flag_estorno` int(11) NOT NULL COMMENT '0 - Pedido não estornadado, 1, - Pedido estornado'
) ENGINE=InnoDB AUTO_INCREMENT=6 DEFAULT CHARSET=latin1;

--
-- Extraindo dados da tabela `pedidos_faturados`
--

INSERT INTO `pedidos_faturados` (`codigo_faturamento`, `data_horaFaturamento`, `data_horaEstorno`, `codigo_pedidoFaturado`, `cliente_pedido`, `valor_totalPedido`, `flag_estorno`) VALUES
(1, '2016-08-13 13:13:36', '0000-00-00 00:00:00', 24, 'landu', 316.65, 0),
(2, '2016-08-13 13:45:54', '0000-00-00 00:00:00', 25, 'jorge', 55.50, 0),
(3, '2016-08-13 14:44:48', '0000-00-00 00:00:00', 26, 'myar', 600.00, 0),
(4, '2016-08-13 14:53:09', '0000-00-00 00:00:00', 28, 'bb', 111.10, 0),
(5, '2016-08-13 14:53:16', '0000-00-00 00:00:00', 28, 'bb', 111.10, 0);

--
-- Acionadores `pedidos_faturados`
--
DELIMITER $$
CREATE TRIGGER `atualizSituacaoPedido` AFTER INSERT ON `pedidos_faturados`
 FOR EACH ROW BEGIN
	update pedido set pedido.sitaucao = 'F' where pedido.codigo_pedido = new.codigo_pedidoFaturado;
END
$$
DELIMITER ;

-- --------------------------------------------------------

--
-- Estrutura da tabela `usuarios`
--

CREATE TABLE IF NOT EXISTS `usuarios` (
  `codigo_usuario` int(11) NOT NULL,
  `nome` varchar(100) NOT NULL,
  `login` varchar(20) NOT NULL,
  `senha` varchar(50) NOT NULL,
  `exclusao_logica` int(11) DEFAULT NULL
) ENGINE=InnoDB AUTO_INCREMENT=2 DEFAULT CHARSET=latin1;

--
-- Extraindo dados da tabela `usuarios`
--

INSERT INTO `usuarios` (`codigo_usuario`, `nome`, `login`, `senha`, `exclusao_logica`) VALUES
(1, 'jorge', 'jorge', '81dc9bdb52d04dc20036dbd8313ed055', 1);

--
-- Indexes for dumped tables
--

--
-- Indexes for table `cardapio`
--
ALTER TABLE `cardapio`
  ADD PRIMARY KEY (`codigo_cardapio`);

--
-- Indexes for table `item_pedido`
--
ALTER TABLE `item_pedido`
  ADD PRIMARY KEY (`codigo_recno`), ADD KEY `codigo_pedidoCardapio` (`codigo_pedidoCardapio`), ADD KEY `codigo_itemCardapio` (`codigo_itemCardapio`);

--
-- Indexes for table `mesa`
--
ALTER TABLE `mesa`
  ADD PRIMARY KEY (`codigo_mesa`);

--
-- Indexes for table `pedido`
--
ALTER TABLE `pedido`
  ADD PRIMARY KEY (`codigo_pedido`);

--
-- Indexes for table `pedidos_faturados`
--
ALTER TABLE `pedidos_faturados`
  ADD PRIMARY KEY (`codigo_faturamento`), ADD KEY `codigo_pedidoFaturado` (`codigo_pedidoFaturado`);

--
-- Indexes for table `usuarios`
--
ALTER TABLE `usuarios`
  ADD PRIMARY KEY (`codigo_usuario`);

--
-- AUTO_INCREMENT for dumped tables
--

--
-- AUTO_INCREMENT for table `cardapio`
--
ALTER TABLE `cardapio`
  MODIFY `codigo_cardapio` int(11) NOT NULL AUTO_INCREMENT,AUTO_INCREMENT=9;
--
-- AUTO_INCREMENT for table `item_pedido`
--
ALTER TABLE `item_pedido`
  MODIFY `codigo_recno` int(11) NOT NULL AUTO_INCREMENT,AUTO_INCREMENT=36;
--
-- AUTO_INCREMENT for table `mesa`
--
ALTER TABLE `mesa`
  MODIFY `codigo_mesa` int(11) NOT NULL AUTO_INCREMENT,AUTO_INCREMENT=8;
--
-- AUTO_INCREMENT for table `pedido`
--
ALTER TABLE `pedido`
  MODIFY `codigo_pedido` int(11) NOT NULL AUTO_INCREMENT,AUTO_INCREMENT=29;
--
-- AUTO_INCREMENT for table `pedidos_faturados`
--
ALTER TABLE `pedidos_faturados`
  MODIFY `codigo_faturamento` int(11) NOT NULL AUTO_INCREMENT,AUTO_INCREMENT=6;
--
-- AUTO_INCREMENT for table `usuarios`
--
ALTER TABLE `usuarios`
  MODIFY `codigo_usuario` int(11) NOT NULL AUTO_INCREMENT,AUTO_INCREMENT=2;
--
-- Constraints for dumped tables
--

--
-- Limitadores para a tabela `item_pedido`
--
ALTER TABLE `item_pedido`
ADD CONSTRAINT `item_pedido_ibfk_1` FOREIGN KEY (`codigo_pedidoCardapio`) REFERENCES `pedido` (`codigo_pedido`),
ADD CONSTRAINT `item_pedido_ibfk_2` FOREIGN KEY (`codigo_itemCardapio`) REFERENCES `cardapio` (`codigo_cardapio`);

--
-- Limitadores para a tabela `pedidos_faturados`
--
ALTER TABLE `pedidos_faturados`
ADD CONSTRAINT `pedidos_faturados_ibfk_1` FOREIGN KEY (`codigo_pedidoFaturado`) REFERENCES `pedido` (`codigo_pedido`);

/*!40101 SET CHARACTER_SET_CLIENT=@OLD_CHARACTER_SET_CLIENT */;
/*!40101 SET CHARACTER_SET_RESULTS=@OLD_CHARACTER_SET_RESULTS */;
/*!40101 SET COLLATION_CONNECTION=@OLD_COLLATION_CONNECTION */;
